--------------------------------------------------------
--  文件已创建 - 星期六-一月-09-2021   
--------------------------------------------------------
--------------------------------------------------------
--  DDL for Sequence ADMIN_ID_SEQ
--------------------------------------------------------

   CREATE SEQUENCE  "CATJI"."ADMIN_ID_SEQ"  MINVALUE 1 MAXVALUE 9999999999999999999999999999 INCREMENT BY 1 START WITH 1 CACHE 20 NOORDER  NOCYCLE  NOKEEP  NOSCALE  GLOBAL ;
--------------------------------------------------------
--  DDL for Sequence BCID_SEQ
--------------------------------------------------------

   CREATE SEQUENCE  "CATJI"."BCID_SEQ"  MINVALUE 1 MAXVALUE 9999999999999999999999999999 INCREMENT BY 1 START WITH 1 CACHE 20 NOORDER  NOCYCLE  NOKEEP  NOSCALE  GLOBAL ;
--------------------------------------------------------
--  DDL for Sequence BID_SEQ
--------------------------------------------------------

   CREATE SEQUENCE  "CATJI"."BID_SEQ"  MINVALUE 1 MAXVALUE 9999999999999999999999999999 INCREMENT BY 1 START WITH 101 CACHE 20 NOORDER  NOCYCLE  NOKEEP  NOSCALE  GLOBAL ;
--------------------------------------------------------
--  DDL for Sequence BRID_SEQ
--------------------------------------------------------

   CREATE SEQUENCE  "CATJI"."BRID_SEQ"  MINVALUE 1 MAXVALUE 9999999999999999999999999999 INCREMENT BY 1 START WITH 1 CACHE 20 NOORDER  NOCYCLE  NOKEEP  NOSCALE  GLOBAL ;
--------------------------------------------------------
--  DDL for Sequence CATID_SEQ
--------------------------------------------------------

   CREATE SEQUENCE  "CATJI"."CATID_SEQ"  MINVALUE 1 MAXVALUE 9999999999999999999999999999 INCREMENT BY 1 START WITH 61 CACHE 20 NOORDER  NOCYCLE  NOKEEP  NOSCALE  GLOBAL ;
--------------------------------------------------------
--  DDL for Sequence MID_SEQ
--------------------------------------------------------

   CREATE SEQUENCE  "CATJI"."MID_SEQ"  MINVALUE 1 MAXVALUE 9999999999999999999999999999 INCREMENT BY 1 START WITH 1 CACHE 20 NOORDER  NOCYCLE  NOKEEP  NOSCALE  GLOBAL ;
--------------------------------------------------------
--  DDL for Sequence TAG_ID_SEQ
--------------------------------------------------------

   CREATE SEQUENCE  "CATJI"."TAG_ID_SEQ"  MINVALUE 1 MAXVALUE 9999999999999999999999999999 INCREMENT BY 1 START WITH 81 CACHE 20 NOORDER  NOCYCLE  NOKEEP  NOSCALE  GLOBAL ;
--------------------------------------------------------
--  DDL for Sequence USID_SEQ
--------------------------------------------------------

   CREATE SEQUENCE  "CATJI"."USID_SEQ"  MINVALUE 1 MAXVALUE 9999999999999999999999999999 INCREMENT BY 1 START WITH 101 CACHE 20 NOORDER  NOCYCLE  NOKEEP  NOSCALE  GLOBAL ;
--------------------------------------------------------
--  DDL for Sequence VCID_SEQ
--------------------------------------------------------

   CREATE SEQUENCE  "CATJI"."VCID_SEQ"  MINVALUE 1 MAXVALUE 9999999999999999999999999999 INCREMENT BY 1 START WITH 61 CACHE 20 NOORDER  NOCYCLE  NOKEEP  NOSCALE  GLOBAL ;
--------------------------------------------------------
--  DDL for Sequence VID_SEQ
--------------------------------------------------------

   CREATE SEQUENCE  "CATJI"."VID_SEQ"  MINVALUE 1 MAXVALUE 9999999999999999999999999999 INCREMENT BY 1 START WITH 81 CACHE 20 NOORDER  NOCYCLE  NOKEEP  NOSCALE  GLOBAL ;
--------------------------------------------------------
--  DDL for Sequence VRID_SEQ
--------------------------------------------------------

   CREATE SEQUENCE  "CATJI"."VRID_SEQ"  MINVALUE 1 MAXVALUE 9999999999999999999999999999 INCREMENT BY 1 START WITH 1 CACHE 20 NOORDER  NOCYCLE  NOKEEP  NOSCALE  GLOBAL ;
--------------------------------------------------------
--  DDL for Table ADMIN
--------------------------------------------------------

  CREATE TABLE "CATJI"."ADMIN" 
   (	"ADMIN_ID" NUMBER(6,0), 
	"EMAIL" VARCHAR2(256 BYTE), 
	"TEL" VARCHAR2(11 BYTE), 
	"NICKNAME" VARCHAR2(10 BYTE), 
	"PASSWORD" VARCHAR2(20 BYTE), 
	"GENDER" VARCHAR2(1 BYTE), 
	"AVATAR" VARCHAR2(256 BYTE), 
	"CREATE_TIME" DATE
   ) SEGMENT CREATION IMMEDIATE 
  PCTFREE 10 PCTUSED 40 INITRANS 1 MAXTRANS 255 
 NOCOMPRESS LOGGING
  STORAGE(INITIAL 65536 NEXT 1048576 MINEXTENTS 1 MAXEXTENTS 2147483645
  PCTINCREASE 0 FREELISTS 1 FREELIST GROUPS 1
  BUFFER_POOL DEFAULT FLASH_CACHE DEFAULT CELL_FLASH_CACHE DEFAULT)
  TABLESPACE "USERS" ;
--------------------------------------------------------
--  DDL for Table BLOCK
--------------------------------------------------------

  CREATE TABLE "CATJI"."BLOCK" 
   (	"USID" NUMBER(8,0), 
	"BLOCK_USID" NUMBER(8,0)
   ) SEGMENT CREATION IMMEDIATE 
  PCTFREE 10 PCTUSED 40 INITRANS 1 MAXTRANS 255 
 NOCOMPRESS LOGGING
  STORAGE(INITIAL 65536 NEXT 1048576 MINEXTENTS 1 MAXEXTENTS 2147483645
  PCTINCREASE 0 FREELISTS 1 FREELIST GROUPS 1
  BUFFER_POOL DEFAULT FLASH_CACHE DEFAULT CELL_FLASH_CACHE DEFAULT)
  TABLESPACE "USERS" ;
--------------------------------------------------------
--  DDL for Table BLOG
--------------------------------------------------------

  CREATE TABLE "CATJI"."BLOG" 
   (	"BID" NUMBER(8,0), 
	"CONTENT" VARCHAR2(4000 CHAR), 
	"USID" NUMBER(8,0), 
	"CREATE_TIME" DATE, 
	"LIKE_NUM" NUMBER(10,0) DEFAULT 0, 
	"IS_PUBLIC" NUMBER, 
	"COMMENT_NUM" NUMBER(10,0) DEFAULT 0, 
	"TRANSMIT_NUM" NUMBER(10,0) DEFAULT 0
   ) SEGMENT CREATION IMMEDIATE 
  PCTFREE 10 PCTUSED 40 INITRANS 1 MAXTRANS 255 
 NOCOMPRESS LOGGING
  STORAGE(INITIAL 65536 NEXT 1048576 MINEXTENTS 1 MAXEXTENTS 2147483645
  PCTINCREASE 0 FREELISTS 1 FREELIST GROUPS 1
  BUFFER_POOL DEFAULT FLASH_CACHE DEFAULT CELL_FLASH_CACHE DEFAULT)
  TABLESPACE "USERS" ;
--------------------------------------------------------
--  DDL for Table BLOGCOMMENT
--------------------------------------------------------

  CREATE TABLE "CATJI"."BLOGCOMMENT" 
   (	"BCID" NUMBER(8,0), 
	"USID" NUMBER(8,0), 
	"BID" NUMBER(8,0), 
	"CONTENT" VARCHAR2(100 CHAR), 
	"REPLY_BCID" NUMBER(10,0), 
	"CREATE_TIME" DATE, 
	"LIKE_NUM" NUMBER(10,0) DEFAULT 0, 
	"PARENT_BCID" NUMBER(10,0)
   ) SEGMENT CREATION IMMEDIATE 
  PCTFREE 10 PCTUSED 40 INITRANS 1 MAXTRANS 255 
 NOCOMPRESS LOGGING
  STORAGE(INITIAL 65536 NEXT 1048576 MINEXTENTS 1 MAXEXTENTS 2147483645
  PCTINCREASE 0 FREELISTS 1 FREELIST GROUPS 1
  BUFFER_POOL DEFAULT FLASH_CACHE DEFAULT CELL_FLASH_CACHE DEFAULT)
  TABLESPACE "USERS" ;
--------------------------------------------------------
--  DDL for Table BLOGIMAGE
--------------------------------------------------------

  CREATE TABLE "CATJI"."BLOGIMAGE" 
   (	"IMG_URL" VARCHAR2(256 BYTE), 
	"BID" NUMBER(8,0)
   ) SEGMENT CREATION IMMEDIATE 
  PCTFREE 10 PCTUSED 40 INITRANS 1 MAXTRANS 255 
 NOCOMPRESS LOGGING
  STORAGE(INITIAL 65536 NEXT 1048576 MINEXTENTS 1 MAXEXTENTS 2147483645
  PCTINCREASE 0 FREELISTS 1 FREELIST GROUPS 1
  BUFFER_POOL DEFAULT FLASH_CACHE DEFAULT CELL_FLASH_CACHE DEFAULT)
  TABLESPACE "USERS" ;
--------------------------------------------------------
--  DDL for Table CAT
--------------------------------------------------------

  CREATE TABLE "CATJI"."CAT" 
   (	"CAT_ID" NUMBER(6,0), 
	"USID" NUMBER(8,0), 
	"NAME" VARCHAR2(10 CHAR), 
	"DESCRIPTION" VARCHAR2(2000 CHAR), 
	"BANNER" VARCHAR2(256 BYTE)
   ) SEGMENT CREATION IMMEDIATE 
  PCTFREE 10 PCTUSED 40 INITRANS 1 MAXTRANS 255 
 NOCOMPRESS LOGGING
  STORAGE(INITIAL 65536 NEXT 1048576 MINEXTENTS 1 MAXEXTENTS 2147483645
  PCTINCREASE 0 FREELISTS 1 FREELIST GROUPS 1
  BUFFER_POOL DEFAULT FLASH_CACHE DEFAULT CELL_FLASH_CACHE DEFAULT)
  TABLESPACE "USERS" ;
--------------------------------------------------------
--  DDL for Table FAVORITE
--------------------------------------------------------

  CREATE TABLE "CATJI"."FAVORITE" 
   (	"USID" NUMBER(8,0), 
	"VID" NUMBER(10,0)
   ) SEGMENT CREATION IMMEDIATE 
  PCTFREE 10 PCTUSED 40 INITRANS 1 MAXTRANS 255 
 NOCOMPRESS LOGGING
  STORAGE(INITIAL 65536 NEXT 1048576 MINEXTENTS 1 MAXEXTENTS 2147483645
  PCTINCREASE 0 FREELISTS 1 FREELIST GROUPS 1
  BUFFER_POOL DEFAULT FLASH_CACHE DEFAULT CELL_FLASH_CACHE DEFAULT)
  TABLESPACE "USERS" ;
--------------------------------------------------------
--  DDL for Table FOLLOW
--------------------------------------------------------

  CREATE TABLE "CATJI"."FOLLOW" 
   (	"USID" NUMBER(8,0), 
	"FOLLOW_USID" NUMBER(8,0)
   ) SEGMENT CREATION IMMEDIATE 
  PCTFREE 10 PCTUSED 40 INITRANS 1 MAXTRANS 255 
 NOCOMPRESS LOGGING
  STORAGE(INITIAL 65536 NEXT 1048576 MINEXTENTS 1 MAXEXTENTS 2147483645
  PCTINCREASE 0 FREELISTS 1 FREELIST GROUPS 1
  BUFFER_POOL DEFAULT FLASH_CACHE DEFAULT CELL_FLASH_CACHE DEFAULT)
  TABLESPACE "USERS" ;
--------------------------------------------------------
--  DDL for Table LIKEBLOG
--------------------------------------------------------

  CREATE TABLE "CATJI"."LIKEBLOG" 
   (	"USID" NUMBER(8,0), 
	"BID" NUMBER(10,0)
   ) SEGMENT CREATION IMMEDIATE 
  PCTFREE 10 PCTUSED 40 INITRANS 1 MAXTRANS 255 
 NOCOMPRESS LOGGING
  STORAGE(INITIAL 65536 NEXT 1048576 MINEXTENTS 1 MAXEXTENTS 2147483645
  PCTINCREASE 0 FREELISTS 1 FREELIST GROUPS 1
  BUFFER_POOL DEFAULT FLASH_CACHE DEFAULT CELL_FLASH_CACHE DEFAULT)
  TABLESPACE "USERS" ;
--------------------------------------------------------
--  DDL for Table LIKEBLOGCOMMENT
--------------------------------------------------------

  CREATE TABLE "CATJI"."LIKEBLOGCOMMENT" 
   (	"USID" NUMBER(8,0), 
	"BCID" NUMBER(8,0)
   ) SEGMENT CREATION IMMEDIATE 
  PCTFREE 10 PCTUSED 40 INITRANS 1 MAXTRANS 255 
 NOCOMPRESS LOGGING
  STORAGE(INITIAL 65536 NEXT 1048576 MINEXTENTS 1 MAXEXTENTS 2147483645
  PCTINCREASE 0 FREELISTS 1 FREELIST GROUPS 1
  BUFFER_POOL DEFAULT FLASH_CACHE DEFAULT CELL_FLASH_CACHE DEFAULT)
  TABLESPACE "USERS" ;
--------------------------------------------------------
--  DDL for Table LIKEVIDEO
--------------------------------------------------------

  CREATE TABLE "CATJI"."LIKEVIDEO" 
   (	"USID" NUMBER(8,0), 
	"VID" NUMBER(10,0)
   ) SEGMENT CREATION IMMEDIATE 
  PCTFREE 10 PCTUSED 40 INITRANS 1 MAXTRANS 255 
 NOCOMPRESS LOGGING
  STORAGE(INITIAL 65536 NEXT 1048576 MINEXTENTS 1 MAXEXTENTS 2147483645
  PCTINCREASE 0 FREELISTS 1 FREELIST GROUPS 1
  BUFFER_POOL DEFAULT FLASH_CACHE DEFAULT CELL_FLASH_CACHE DEFAULT)
  TABLESPACE "USERS" ;
--------------------------------------------------------
--  DDL for Table LIKEVIDEOCOMMENT
--------------------------------------------------------

  CREATE TABLE "CATJI"."LIKEVIDEOCOMMENT" 
   (	"USID" NUMBER(8,0), 
	"VCID" NUMBER(10,0)
   ) SEGMENT CREATION IMMEDIATE 
  PCTFREE 10 PCTUSED 40 INITRANS 1 MAXTRANS 255 
 NOCOMPRESS LOGGING
  STORAGE(INITIAL 65536 NEXT 1048576 MINEXTENTS 1 MAXEXTENTS 2147483645
  PCTINCREASE 0 FREELISTS 1 FREELIST GROUPS 1
  BUFFER_POOL DEFAULT FLASH_CACHE DEFAULT CELL_FLASH_CACHE DEFAULT)
  TABLESPACE "USERS" ;
--------------------------------------------------------
--  DDL for Table MESSAGE
--------------------------------------------------------

  CREATE TABLE "CATJI"."MESSAGE" 
   (	"MID" NUMBER(10,0), 
	"USID" NUMBER(8,0), 
	"TO_USID" NUMBER(8,0), 
	"CONTENT" VARCHAR2(400 CHAR), 
	"CREATE_TIME" DATE
   ) SEGMENT CREATION IMMEDIATE 
  PCTFREE 10 PCTUSED 40 INITRANS 1 MAXTRANS 255 
 NOCOMPRESS LOGGING
  STORAGE(INITIAL 65536 NEXT 1048576 MINEXTENTS 1 MAXEXTENTS 2147483645
  PCTINCREASE 0 FREELISTS 1 FREELIST GROUPS 1
  BUFFER_POOL DEFAULT FLASH_CACHE DEFAULT CELL_FLASH_CACHE DEFAULT)
  TABLESPACE "USERS" ;
--------------------------------------------------------
--  DDL for Table REPORTBLOG
--------------------------------------------------------

  CREATE TABLE "CATJI"."REPORTBLOG" 
   (	"BRID" NUMBER(10,0), 
	"USID" NUMBER(8,0), 
	"BID" NUMBER(8,0), 
	"REASON" VARCHAR2(400 CHAR), 
	"CREATE_TIME" DATE, 
	"REPLY" VARCHAR2(400 CHAR), 
	"ADMIN" NUMBER(6,0), 
	"REPLY_TIME" DATE
   ) SEGMENT CREATION DEFERRED 
  PCTFREE 10 PCTUSED 40 INITRANS 1 MAXTRANS 255 
 NOCOMPRESS LOGGING
  TABLESPACE "USERS" ;
--------------------------------------------------------
--  DDL for Table REPORTVIDEO
--------------------------------------------------------

  CREATE TABLE "CATJI"."REPORTVIDEO" 
   (	"VRID" NUMBER(10,0), 
	"USID" NUMBER(8,0), 
	"VID" NUMBER(10,0), 
	"REASON" VARCHAR2(400 CHAR), 
	"CREATE_TIME" DATE, 
	"REPLY" VARCHAR2(400 CHAR), 
	"ADMIN" NUMBER(6,0), 
	"REPLY_TIME" DATE
   ) SEGMENT CREATION DEFERRED 
  PCTFREE 10 PCTUSED 40 INITRANS 1 MAXTRANS 255 
 NOCOMPRESS LOGGING
  TABLESPACE "USERS" ;
--------------------------------------------------------
--  DDL for Table SEARCHHISTORY
--------------------------------------------------------

  CREATE TABLE "CATJI"."SEARCHHISTORY" 
   (	"USID" NUMBER(8,0), 
	"CONTENT" VARCHAR2(20 CHAR), 
	"CREATE_TIME" TIMESTAMP (6)
   ) SEGMENT CREATION IMMEDIATE 
  PCTFREE 10 PCTUSED 40 INITRANS 1 MAXTRANS 255 
 NOCOMPRESS LOGGING
  STORAGE(INITIAL 65536 NEXT 1048576 MINEXTENTS 1 MAXEXTENTS 2147483645
  PCTINCREASE 0 FREELISTS 1 FREELIST GROUPS 1
  BUFFER_POOL DEFAULT FLASH_CACHE DEFAULT CELL_FLASH_CACHE DEFAULT)
  TABLESPACE "USERS" ;
--------------------------------------------------------
--  DDL for Table TAG
--------------------------------------------------------

  CREATE TABLE "CATJI"."TAG" 
   (	"TAG_ID" NUMBER(6,0), 
	"NAME" VARCHAR2(10 CHAR), 
	"CAT_ID" NUMBER(6,0)
   ) SEGMENT CREATION IMMEDIATE 
  PCTFREE 10 PCTUSED 40 INITRANS 1 MAXTRANS 255 
 NOCOMPRESS LOGGING
  STORAGE(INITIAL 65536 NEXT 1048576 MINEXTENTS 1 MAXEXTENTS 2147483645
  PCTINCREASE 0 FREELISTS 1 FREELIST GROUPS 1
  BUFFER_POOL DEFAULT FLASH_CACHE DEFAULT CELL_FLASH_CACHE DEFAULT)
  TABLESPACE "USERS" ;
--------------------------------------------------------
--  DDL for Table USERS
--------------------------------------------------------

  CREATE TABLE "CATJI"."USERS" 
   (	"USID" NUMBER(8,0), 
	"EMAIL" VARCHAR2(256 BYTE), 
	"TEL" VARCHAR2(11 BYTE), 
	"NICKNAME" VARCHAR2(10 CHAR), 
	"PASSWORD" VARCHAR2(20 BYTE), 
	"GENDER" VARCHAR2(6 BYTE), 
	"AVATAR" VARCHAR2(256 BYTE), 
	"CREATE_TIME" DATE, 
	"BIRTHDAY" DATE, 
	"IS_BANNED" NUMBER DEFAULT 0, 
	"SIGNATURE" VARCHAR2(40 CHAR), 
	"FOLLOWER_NUM" NUMBER(8,0) DEFAULT 0, 
	"CAT_ID" NUMBER(6,0), 
	"CHANGED_TIME" DATE
   ) SEGMENT CREATION IMMEDIATE 
  PCTFREE 10 PCTUSED 40 INITRANS 1 MAXTRANS 255 
 NOCOMPRESS LOGGING
  STORAGE(INITIAL 65536 NEXT 1048576 MINEXTENTS 1 MAXEXTENTS 2147483645
  PCTINCREASE 0 FREELISTS 1 FREELIST GROUPS 1
  BUFFER_POOL DEFAULT FLASH_CACHE DEFAULT CELL_FLASH_CACHE DEFAULT)
  TABLESPACE "USERS" ;
--------------------------------------------------------
--  DDL for Table VIDEO
--------------------------------------------------------

  CREATE TABLE "CATJI"."VIDEO" 
   (	"VID" NUMBER(10,0), 
	"PATH" VARCHAR2(256 BYTE), 
	"TITLE" VARCHAR2(20 CHAR), 
	"DESCRIPTION" VARCHAR2(400 CHAR), 
	"COVER" VARCHAR2(256 BYTE), 
	"CREATE_TIME" DATE, 
	"TIME" NUMBER(10,0), 
	"USID" NUMBER(8,0), 
	"LIKE_NUM" NUMBER(8,0) DEFAULT 0, 
	"FAVORITE_NUM" NUMBER(8,0) DEFAULT 0, 
	"WATCH_NUM" NUMBER(10,0) DEFAULT 0, 
	"IS_BANNED" NUMBER, 
	"COMMENT_NUM" NUMBER(10,0) DEFAULT 0
   ) SEGMENT CREATION IMMEDIATE 
  PCTFREE 10 PCTUSED 40 INITRANS 1 MAXTRANS 255 
 NOCOMPRESS LOGGING
  STORAGE(INITIAL 65536 NEXT 1048576 MINEXTENTS 1 MAXEXTENTS 2147483645
  PCTINCREASE 0 FREELISTS 1 FREELIST GROUPS 1
  BUFFER_POOL DEFAULT FLASH_CACHE DEFAULT CELL_FLASH_CACHE DEFAULT)
  TABLESPACE "USERS" ;
--------------------------------------------------------
--  DDL for Table VIDEOCOMMENT
--------------------------------------------------------

  CREATE TABLE "CATJI"."VIDEOCOMMENT" 
   (	"VCID" NUMBER(10,0), 
	"USID" NUMBER(8,0), 
	"VID" NUMBER(10,0), 
	"CONTENT" VARCHAR2(100 CHAR), 
	"REPLY_VCID" NUMBER(10,0), 
	"CREATE_TIME" DATE, 
	"LIKE_NUM" NUMBER(10,0) DEFAULT 0, 
	"PARENT_VCID" NUMBER(10,0)
   ) SEGMENT CREATION IMMEDIATE 
  PCTFREE 10 PCTUSED 40 INITRANS 1 MAXTRANS 255 
 NOCOMPRESS LOGGING
  STORAGE(INITIAL 65536 NEXT 1048576 MINEXTENTS 1 MAXEXTENTS 2147483645
  PCTINCREASE 0 FREELISTS 1 FREELIST GROUPS 1
  BUFFER_POOL DEFAULT FLASH_CACHE DEFAULT CELL_FLASH_CACHE DEFAULT)
  TABLESPACE "USERS" ;
--------------------------------------------------------
--  DDL for Table VIDEOTAG
--------------------------------------------------------

  CREATE TABLE "CATJI"."VIDEOTAG" 
   (	"VID" NUMBER(10,0), 
	"TAG_ID" NUMBER(6,0)
   ) SEGMENT CREATION IMMEDIATE 
  PCTFREE 10 PCTUSED 40 INITRANS 1 MAXTRANS 255 
 NOCOMPRESS LOGGING
  STORAGE(INITIAL 65536 NEXT 1048576 MINEXTENTS 1 MAXEXTENTS 2147483645
  PCTINCREASE 0 FREELISTS 1 FREELIST GROUPS 1
  BUFFER_POOL DEFAULT FLASH_CACHE DEFAULT CELL_FLASH_CACHE DEFAULT)
  TABLESPACE "USERS" ;
--------------------------------------------------------
--  DDL for Table WATCHHISTORY
--------------------------------------------------------

  CREATE TABLE "CATJI"."WATCHHISTORY" 
   (	"USID" NUMBER(8,0), 
	"VID" NUMBER(10,0), 
	"CREATE_TIME" TIMESTAMP (6)
   ) SEGMENT CREATION IMMEDIATE 
  PCTFREE 10 PCTUSED 40 INITRANS 1 MAXTRANS 255 
 NOCOMPRESS LOGGING
  STORAGE(INITIAL 65536 NEXT 1048576 MINEXTENTS 1 MAXEXTENTS 2147483645
  PCTINCREASE 0 FREELISTS 1 FREELIST GROUPS 1
  BUFFER_POOL DEFAULT FLASH_CACHE DEFAULT CELL_FLASH_CACHE DEFAULT)
  TABLESPACE "USERS" ;
REM INSERTING into CATJI.ADMIN
SET DEFINE OFF;
Insert into CATJI.ADMIN (ADMIN_ID,EMAIL,TEL,NICKNAME,PASSWORD,GENDER,AVATAR,CREATE_TIME) values (100001,'1001@tong.edu.cn','10001','Tom','123456','1','./',to_date('07-8月 -20','DD-MON-RR'));
Insert into CATJI.ADMIN (ADMIN_ID,EMAIL,TEL,NICKNAME,PASSWORD,GENDER,AVATAR,CREATE_TIME) values (100002,'1002@tong.edu.cn','10002','Jerry','123456','1','./',to_date('01-8月 -20','DD-MON-RR'));
Insert into CATJI.ADMIN (ADMIN_ID,EMAIL,TEL,NICKNAME,PASSWORD,GENDER,AVATAR,CREATE_TIME) values (100003,'1003@tong.edu.cn','10003','Maria','123456','0','./',to_date('04-8月 -20','DD-MON-RR'));
Insert into CATJI.ADMIN (ADMIN_ID,EMAIL,TEL,NICKNAME,PASSWORD,GENDER,AVATAR,CREATE_TIME) values (100004,'1004@tong.edu.cn','10004','John','123456','1','./',to_date('03-8月 -20','DD-MON-RR'));
Insert into CATJI.ADMIN (ADMIN_ID,EMAIL,TEL,NICKNAME,PASSWORD,GENDER,AVATAR,CREATE_TIME) values (100005,'1005@tong.edu.cn','10005','Eva','123456','0','./',to_date('01-8月 -20','DD-MON-RR'));
REM INSERTING into CATJI.BLOCK
SET DEFINE OFF;
REM INSERTING into CATJI.BLOG
SET DEFINE OFF;
Insert into CATJI.BLOG (BID,CONTENT,USID,CREATE_TIME,LIKE_NUM,IS_PUBLIC,COMMENT_NUM,TRANSMIT_NUM) values (41,'大家好',61,to_date('21-12月-20','DD-MON-RR'),0,1,0,0);
Insert into CATJI.BLOG (BID,CONTENT,USID,CREATE_TIME,LIKE_NUM,IS_PUBLIC,COMMENT_NUM,TRANSMIT_NUM) values (45,'大家好',21,to_date('21-12月-20','DD-MON-RR'),1,1,0,0);
Insert into CATJI.BLOG (BID,CONTENT,USID,CREATE_TIME,LIKE_NUM,IS_PUBLIC,COMMENT_NUM,TRANSMIT_NUM) values (61,'今日猫咪',21,to_date('22-12月-20','DD-MON-RR'),0,1,0,0);
Insert into CATJI.BLOG (BID,CONTENT,USID,CREATE_TIME,LIKE_NUM,IS_PUBLIC,COMMENT_NUM,TRANSMIT_NUM) values (43,'大家好~喵~',62,to_date('21-12月-20','DD-MON-RR'),0,1,0,0);
Insert into CATJI.BLOG (BID,CONTENT,USID,CREATE_TIME,LIKE_NUM,IS_PUBLIC,COMMENT_NUM,TRANSMIT_NUM) values (44,'四只小猫#猫咪#',21,to_date('21-12月-20','DD-MON-RR'),1,1,0,0);
Insert into CATJI.BLOG (BID,CONTENT,USID,CREATE_TIME,LIKE_NUM,IS_PUBLIC,COMMENT_NUM,TRANSMIT_NUM) values (42,'今日份的猫咪',61,to_date('21-12月-20','DD-MON-RR'),0,1,0,0);
REM INSERTING into CATJI.BLOGCOMMENT
SET DEFINE OFF;
REM INSERTING into CATJI.BLOGIMAGE
SET DEFINE OFF;
Insert into CATJI.BLOGIMAGE (IMG_URL,BID) values ('08f0b667-8f44-4c4a-b3c3-74496d8beeab.jpg',42);
Insert into CATJI.BLOGIMAGE (IMG_URL,BID) values ('0bdca9dd-2676-41be-b5f8-c7048693df85.jpg',44);
Insert into CATJI.BLOGIMAGE (IMG_URL,BID) values ('306cb94b-e407-4ba1-8375-4ada57893f6c.jpg',43);
Insert into CATJI.BLOGIMAGE (IMG_URL,BID) values ('825b684d-d2ee-4108-9b50-525c7f7fbcb3.jpg',61);
Insert into CATJI.BLOGIMAGE (IMG_URL,BID) values ('90f3924b-60f9-4d36-a9f4-844521689a81.jpg',44);
Insert into CATJI.BLOGIMAGE (IMG_URL,BID) values ('bf74bf38-1895-4124-917d-915d4508afdd.jpg',44);
Insert into CATJI.BLOGIMAGE (IMG_URL,BID) values ('f6d98cc1-32cc-4301-88da-03a264f6ce73.jpg',44);
REM INSERTING into CATJI.CAT
SET DEFINE OFF;
Insert into CATJI.CAT (CAT_ID,USID,NAME,DESCRIPTION,BANNER) values (21,62,'小白',null,'b9673b1f-918b-4b5e-8449-c4d2e19f35f2.jpg');
Insert into CATJI.CAT (CAT_ID,USID,NAME,DESCRIPTION,BANNER) values (42,null,'橘猫',null,null);
REM INSERTING into CATJI.FAVORITE
SET DEFINE OFF;
REM INSERTING into CATJI.FOLLOW
SET DEFINE OFF;
Insert into CATJI.FOLLOW (USID,FOLLOW_USID) values (21,61);
Insert into CATJI.FOLLOW (USID,FOLLOW_USID) values (21,62);
Insert into CATJI.FOLLOW (USID,FOLLOW_USID) values (61,62);
REM INSERTING into CATJI.LIKEBLOG
SET DEFINE OFF;
Insert into CATJI.LIKEBLOG (USID,BID) values (62,44);
Insert into CATJI.LIKEBLOG (USID,BID) values (62,45);
REM INSERTING into CATJI.LIKEBLOGCOMMENT
SET DEFINE OFF;
REM INSERTING into CATJI.LIKEVIDEO
SET DEFINE OFF;
Insert into CATJI.LIKEVIDEO (USID,VID) values (21,2);
REM INSERTING into CATJI.LIKEVIDEOCOMMENT
SET DEFINE OFF;
REM INSERTING into CATJI.MESSAGE
SET DEFINE OFF;
REM INSERTING into CATJI.REPORTBLOG
SET DEFINE OFF;
REM INSERTING into CATJI.REPORTVIDEO
SET DEFINE OFF;
REM INSERTING into CATJI.SEARCHHISTORY
SET DEFINE OFF;
Insert into CATJI.SEARCHHISTORY (USID,CONTENT,CREATE_TIME) values (21,'yly',to_timestamp('21-12月-20 03.32.03.144963000 下午','DD-MON-RR HH.MI.SSXFF AM'));
Insert into CATJI.SEARCHHISTORY (USID,CONTENT,CREATE_TIME) values (21,'公猫',to_timestamp('23-12月-20 06.40.14.442079000 下午','DD-MON-RR HH.MI.SSXFF AM'));
Insert into CATJI.SEARCHHISTORY (USID,CONTENT,CREATE_TIME) values (21,'小橘',to_timestamp('23-12月-20 04.30.52.337252000 下午','DD-MON-RR HH.MI.SSXFF AM'));
Insert into CATJI.SEARCHHISTORY (USID,CONTENT,CREATE_TIME) values (21,'小白',to_timestamp('23-12月-20 06.40.32.366197000 下午','DD-MON-RR HH.MI.SSXFF AM'));
Insert into CATJI.SEARCHHISTORY (USID,CONTENT,CREATE_TIME) values (21,'猫',to_timestamp('21-12月-20 03.30.21.077162000 下午','DD-MON-RR HH.MI.SSXFF AM'));
Insert into CATJI.SEARCHHISTORY (USID,CONTENT,CREATE_TIME) values (21,'猫咪',to_timestamp('22-12月-20 09.22.44.454669000 下午','DD-MON-RR HH.MI.SSXFF AM'));
Insert into CATJI.SEARCHHISTORY (USID,CONTENT,CREATE_TIME) values (21,'猫猫',to_timestamp('21-12月-20 03.31.43.237278000 下午','DD-MON-RR HH.MI.SSXFF AM'));
Insert into CATJI.SEARCHHISTORY (USID,CONTENT,CREATE_TIME) values (21,'走路',to_timestamp('21-12月-20 03.30.35.019811000 下午','DD-MON-RR HH.MI.SSXFF AM'));
Insert into CATJI.SEARCHHISTORY (USID,CONTENT,CREATE_TIME) values (62,'小白',to_timestamp('21-12月-20 03.03.18.150578000 下午','DD-MON-RR HH.MI.SSXFF AM'));
REM INSERTING into CATJI.TAG
SET DEFINE OFF;
Insert into CATJI.TAG (TAG_ID,NAME,CAT_ID) values (21,'洗澡',null);
Insert into CATJI.TAG (TAG_ID,NAME,CAT_ID) values (42,'搞笑',null);
Insert into CATJI.TAG (TAG_ID,NAME,CAT_ID) values (41,'吃',null);
Insert into CATJI.TAG (TAG_ID,NAME,CAT_ID) values (2,'猫咪',null);
Insert into CATJI.TAG (TAG_ID,NAME,CAT_ID) values (3,'治愈',null);
Insert into CATJI.TAG (TAG_ID,NAME,CAT_ID) values (22,'小白',21);
Insert into CATJI.TAG (TAG_ID,NAME,CAT_ID) values (62,'橘猫',42);
REM INSERTING into CATJI.USERS
SET DEFINE OFF;
Insert into CATJI.USERS (USID,EMAIL,TEL,NICKNAME,PASSWORD,GENDER,AVATAR,CREATE_TIME,BIRTHDAY,IS_BANNED,SIGNATURE,FOLLOWER_NUM,CAT_ID,CHANGED_TIME) values (62,'55555@qq.com',null,'xby','123456','保密','3e339d27-5785-4de9-9af9-3e0abc236611.jpg',to_date('19-12月-20','DD-MON-RR'),to_date('28-1月 -70','DD-MON-RR'),0,'大家好，我是猫咪小白的管理者~',2,21,to_date('19-12月-20','DD-MON-RR'));
Insert into CATJI.USERS (USID,EMAIL,TEL,NICKNAME,PASSWORD,GENDER,AVATAR,CREATE_TIME,BIRTHDAY,IS_BANNED,SIGNATURE,FOLLOWER_NUM,CAT_ID,CHANGED_TIME) values (21,'11111111@qq.com',null,'lxp','123456','男','c3657716-729b-4f32-b36b-cde4c931f099.jpg',to_date('18-12月-20','DD-MON-RR'),to_date('28-1月 -70','DD-MON-RR'),0,'123456789',0,null,to_date('21-12月-20','DD-MON-RR'));
Insert into CATJI.USERS (USID,EMAIL,TEL,NICKNAME,PASSWORD,GENDER,AVATAR,CREATE_TIME,BIRTHDAY,IS_BANNED,SIGNATURE,FOLLOWER_NUM,CAT_ID,CHANGED_TIME) values (61,'123456@qq.com',null,'yly','123456','保密','be6a499f-d6bd-4dba-97fb-e94ba8494605.jpg',to_date('19-12月-20','DD-MON-RR'),null,0,'大家好',1,null,to_date('19-12月-20','DD-MON-RR'));
REM INSERTING into CATJI.VIDEO
SET DEFINE OFF;
Insert into CATJI.VIDEO (VID,PATH,TITLE,DESCRIPTION,COVER,CREATE_TIME,TIME,USID,LIKE_NUM,FAVORITE_NUM,WATCH_NUM,IS_BANNED,COMMENT_NUM) values (2,'dd478ffe-21b9-4c9f-a814-947bbdd54a03.mp4','你干嘛呀','可爱的小猫咪','dacaf5da-ecad-46af-b1ef-b216a68823ac.jpg',to_date('19-12月-20','DD-MON-RR'),null,62,1,0,10,null,1);
Insert into CATJI.VIDEO (VID,PATH,TITLE,DESCRIPTION,COVER,CREATE_TIME,TIME,USID,LIKE_NUM,FAVORITE_NUM,WATCH_NUM,IS_BANNED,COMMENT_NUM) values (3,'e015c614-ca0a-4aa3-b513-614f1544bf59.mp4','猫咪走路','猫咪走路','1a51e8d8-feb2-4395-9c65-38644a0649b8.jpg',to_date('19-12月-20','DD-MON-RR'),null,61,0,0,4,null,0);
Insert into CATJI.VIDEO (VID,PATH,TITLE,DESCRIPTION,COVER,CREATE_TIME,TIME,USID,LIKE_NUM,FAVORITE_NUM,WATCH_NUM,IS_BANNED,COMMENT_NUM) values (43,'fe88dc83-831c-4689-804d-47399dbe4775.mp4','猫 这么可爱的小猫咪你也下得去手吗？','猫 这么可爱的小猫咪你也下得去手吗？','49b233b4-2704-49fa-ae2a-627720888fa0.jpg',to_date('22-12月-20','DD-MON-RR'),null,62,0,0,0,null,0);
Insert into CATJI.VIDEO (VID,PATH,TITLE,DESCRIPTION,COVER,CREATE_TIME,TIME,USID,LIKE_NUM,FAVORITE_NUM,WATCH_NUM,IS_BANNED,COMMENT_NUM) values (45,'495ad5c8-dc67-4890-bb4f-d7523e836833.mp4','猫 我就咬一口','猫 我就咬一口','c234b600-0722-479f-81ab-16c8f2e43fdc.jpg',to_date('22-12月-20','DD-MON-RR'),null,62,0,0,0,null,0);
Insert into CATJI.VIDEO (VID,PATH,TITLE,DESCRIPTION,COVER,CREATE_TIME,TIME,USID,LIKE_NUM,FAVORITE_NUM,WATCH_NUM,IS_BANNED,COMMENT_NUM) values (47,'1dc07f1e-1062-47c9-bd24-e22c83acbb4d.mp4','猫咪神奇耳朵开关','猫咪神奇耳朵开关','4734d2c2-2272-49ad-a548-6a97fe17ce02.jpg',to_date('22-12月-20','DD-MON-RR'),null,62,0,0,0,null,0);
Insert into CATJI.VIDEO (VID,PATH,TITLE,DESCRIPTION,COVER,CREATE_TIME,TIME,USID,LIKE_NUM,FAVORITE_NUM,WATCH_NUM,IS_BANNED,COMMENT_NUM) values (63,'7b1de2e5-c077-4286-a9a5-a15114a2f9b0.mp4','猫猫','1223456','bce38b02-213b-4c9e-9928-145062dd78a2.jpg',to_date('23-12月-20','DD-MON-RR'),null,21,0,0,0,null,0);
Insert into CATJI.VIDEO (VID,PATH,TITLE,DESCRIPTION,COVER,CREATE_TIME,TIME,USID,LIKE_NUM,FAVORITE_NUM,WATCH_NUM,IS_BANNED,COMMENT_NUM) values (41,'5a860e1a-a984-4467-899c-775e235a375a.mp4','公猫第一次见到小母猫，这笑容绝了……','公猫第一次见到小母猫，这笑容绝了……','032723b0-6187-4584-999b-c6ac4e4a3a78.jpg',to_date('22-12月-20','DD-MON-RR'),null,62,0,0,0,null,0);
Insert into CATJI.VIDEO (VID,PATH,TITLE,DESCRIPTION,COVER,CREATE_TIME,TIME,USID,LIKE_NUM,FAVORITE_NUM,WATCH_NUM,IS_BANNED,COMMENT_NUM) values (44,'ec095d4b-d2a6-4468-9e1d-72e96f602309.mp4','猫咪：小鱼干好吃到哭！','猫咪：小鱼干好吃到哭！','d771f03d-3f41-4846-a3c4-ed0c5331f8d4.jpg',to_date('22-12月-20','DD-MON-RR'),null,62,0,0,0,null,0);
Insert into CATJI.VIDEO (VID,PATH,TITLE,DESCRIPTION,COVER,CREATE_TIME,TIME,USID,LIKE_NUM,FAVORITE_NUM,WATCH_NUM,IS_BANNED,COMMENT_NUM) values (42,'df2adf18-72a5-4f6f-bcf1-4f0aa32cd037.mp4','可爱猫咪照镜子时突然发现自己竟然长了耳朵','可爱猫咪照镜子时突然发现自己竟然长了耳朵','ddf1276c-981c-44f4-9d9b-ad86ce1f17a6.jpg',to_date('22-12月-20','DD-MON-RR'),null,62,0,0,0,null,0);
Insert into CATJI.VIDEO (VID,PATH,TITLE,DESCRIPTION,COVER,CREATE_TIME,TIME,USID,LIKE_NUM,FAVORITE_NUM,WATCH_NUM,IS_BANNED,COMMENT_NUM) values (46,'8cf45521-9908-451d-9eaf-639a3d0e764b.mp4','猫：哎呀……这jio怎么不听使唤了？','猫：哎呀……这小jiojio怎么不听使唤了？','badb4026-bfc1-46b5-9f05-0e08023f1b42.jpg',to_date('22-12月-20','DD-MON-RR'),null,62,0,0,0,null,0);
Insert into CATJI.VIDEO (VID,PATH,TITLE,DESCRIPTION,COVER,CREATE_TIME,TIME,USID,LIKE_NUM,FAVORITE_NUM,WATCH_NUM,IS_BANNED,COMMENT_NUM) values (21,'241b49b9-3137-4022-b6ff-b00a82b943e0.mp4','猫猫洗澡','猫猫洗澡澡','4b2f8d2e-9432-4095-acda-fd3a0790915c.jpg',to_date('21-12月-20','DD-MON-RR'),null,62,0,0,2,null,0);
REM INSERTING into CATJI.VIDEOCOMMENT
SET DEFINE OFF;
Insert into CATJI.VIDEOCOMMENT (VCID,USID,VID,CONTENT,REPLY_VCID,CREATE_TIME,LIKE_NUM,PARENT_VCID) values (21,21,2,'哈哈哈',null,to_date('21-12月-20','DD-MON-RR'),0,null);
REM INSERTING into CATJI.VIDEOTAG
SET DEFINE OFF;
Insert into CATJI.VIDEOTAG (VID,TAG_ID) values (2,2);
Insert into CATJI.VIDEOTAG (VID,TAG_ID) values (2,3);
Insert into CATJI.VIDEOTAG (VID,TAG_ID) values (21,2);
Insert into CATJI.VIDEOTAG (VID,TAG_ID) values (21,21);
Insert into CATJI.VIDEOTAG (VID,TAG_ID) values (21,22);
Insert into CATJI.VIDEOTAG (VID,TAG_ID) values (41,2);
Insert into CATJI.VIDEOTAG (VID,TAG_ID) values (42,2);
Insert into CATJI.VIDEOTAG (VID,TAG_ID) values (43,2);
Insert into CATJI.VIDEOTAG (VID,TAG_ID) values (44,2);
Insert into CATJI.VIDEOTAG (VID,TAG_ID) values (45,2);
Insert into CATJI.VIDEOTAG (VID,TAG_ID) values (45,41);
Insert into CATJI.VIDEOTAG (VID,TAG_ID) values (46,2);
Insert into CATJI.VIDEOTAG (VID,TAG_ID) values (46,42);
Insert into CATJI.VIDEOTAG (VID,TAG_ID) values (47,2);
Insert into CATJI.VIDEOTAG (VID,TAG_ID) values (63,2);
Insert into CATJI.VIDEOTAG (VID,TAG_ID) values (63,62);
REM INSERTING into CATJI.WATCHHISTORY
SET DEFINE OFF;
Insert into CATJI.WATCHHISTORY (USID,VID,CREATE_TIME) values (21,2,to_timestamp('23-12月-20 07.27.32.231245000 下午','DD-MON-RR HH.MI.SSXFF AM'));
Insert into CATJI.WATCHHISTORY (USID,VID,CREATE_TIME) values (21,21,to_timestamp('23-12月-20 06.48.22.940179000 下午','DD-MON-RR HH.MI.SSXFF AM'));
--------------------------------------------------------
--  DDL for Index BLOCK_PK
--------------------------------------------------------

  CREATE UNIQUE INDEX "CATJI"."BLOCK_PK" ON "CATJI"."BLOCK" ("BLOCK_USID", "USID") 
  PCTFREE 10 INITRANS 2 MAXTRANS 255 COMPUTE STATISTICS 
  STORAGE(INITIAL 65536 NEXT 1048576 MINEXTENTS 1 MAXEXTENTS 2147483645
  PCTINCREASE 0 FREELISTS 1 FREELIST GROUPS 1
  BUFFER_POOL DEFAULT FLASH_CACHE DEFAULT CELL_FLASH_CACHE DEFAULT)
  TABLESPACE "USERS" ;
--------------------------------------------------------
--  DDL for Index BLOGCOMMENT_PK
--------------------------------------------------------

  CREATE UNIQUE INDEX "CATJI"."BLOGCOMMENT_PK" ON "CATJI"."BLOGCOMMENT" ("BCID") 
  PCTFREE 10 INITRANS 2 MAXTRANS 255 COMPUTE STATISTICS 
  STORAGE(INITIAL 65536 NEXT 1048576 MINEXTENTS 1 MAXEXTENTS 2147483645
  PCTINCREASE 0 FREELISTS 1 FREELIST GROUPS 1
  BUFFER_POOL DEFAULT FLASH_CACHE DEFAULT CELL_FLASH_CACHE DEFAULT)
  TABLESPACE "USERS" ;
--------------------------------------------------------
--  DDL for Index BLOGIMAGE_PK
--------------------------------------------------------

  CREATE UNIQUE INDEX "CATJI"."BLOGIMAGE_PK" ON "CATJI"."BLOGIMAGE" ("IMG_URL", "BID") 
  PCTFREE 10 INITRANS 2 MAXTRANS 255 COMPUTE STATISTICS 
  STORAGE(INITIAL 65536 NEXT 1048576 MINEXTENTS 1 MAXEXTENTS 2147483645
  PCTINCREASE 0 FREELISTS 1 FREELIST GROUPS 1
  BUFFER_POOL DEFAULT FLASH_CACHE DEFAULT CELL_FLASH_CACHE DEFAULT)
  TABLESPACE "USERS" ;
--------------------------------------------------------
--  DDL for Index BLOG_PK
--------------------------------------------------------

  CREATE UNIQUE INDEX "CATJI"."BLOG_PK" ON "CATJI"."BLOG" ("BID") 
  PCTFREE 10 INITRANS 2 MAXTRANS 255 COMPUTE STATISTICS 
  STORAGE(INITIAL 65536 NEXT 1048576 MINEXTENTS 1 MAXEXTENTS 2147483645
  PCTINCREASE 0 FREELISTS 1 FREELIST GROUPS 1
  BUFFER_POOL DEFAULT FLASH_CACHE DEFAULT CELL_FLASH_CACHE DEFAULT)
  TABLESPACE "USERS" ;
--------------------------------------------------------
--  DDL for Index CAT_PK
--------------------------------------------------------

  CREATE UNIQUE INDEX "CATJI"."CAT_PK" ON "CATJI"."CAT" ("CAT_ID") 
  PCTFREE 10 INITRANS 2 MAXTRANS 255 COMPUTE STATISTICS 
  STORAGE(INITIAL 65536 NEXT 1048576 MINEXTENTS 1 MAXEXTENTS 2147483645
  PCTINCREASE 0 FREELISTS 1 FREELIST GROUPS 1
  BUFFER_POOL DEFAULT FLASH_CACHE DEFAULT CELL_FLASH_CACHE DEFAULT)
  TABLESPACE "USERS" ;
--------------------------------------------------------
--  DDL for Index FAVORITE_PK
--------------------------------------------------------

  CREATE UNIQUE INDEX "CATJI"."FAVORITE_PK" ON "CATJI"."FAVORITE" ("USID", "VID") 
  PCTFREE 10 INITRANS 2 MAXTRANS 255 COMPUTE STATISTICS 
  STORAGE(INITIAL 65536 NEXT 1048576 MINEXTENTS 1 MAXEXTENTS 2147483645
  PCTINCREASE 0 FREELISTS 1 FREELIST GROUPS 1
  BUFFER_POOL DEFAULT FLASH_CACHE DEFAULT CELL_FLASH_CACHE DEFAULT)
  TABLESPACE "USERS" ;
--------------------------------------------------------
--  DDL for Index FOLLOW_PK
--------------------------------------------------------

  CREATE UNIQUE INDEX "CATJI"."FOLLOW_PK" ON "CATJI"."FOLLOW" ("USID", "FOLLOW_USID") 
  PCTFREE 10 INITRANS 2 MAXTRANS 255 COMPUTE STATISTICS 
  STORAGE(INITIAL 65536 NEXT 1048576 MINEXTENTS 1 MAXEXTENTS 2147483645
  PCTINCREASE 0 FREELISTS 1 FREELIST GROUPS 1
  BUFFER_POOL DEFAULT FLASH_CACHE DEFAULT CELL_FLASH_CACHE DEFAULT)
  TABLESPACE "USERS" ;
--------------------------------------------------------
--  DDL for Index LIKEBLOGCOMMENT_PK
--------------------------------------------------------

  CREATE UNIQUE INDEX "CATJI"."LIKEBLOGCOMMENT_PK" ON "CATJI"."LIKEBLOGCOMMENT" ("USID", "BCID") 
  PCTFREE 10 INITRANS 2 MAXTRANS 255 COMPUTE STATISTICS 
  STORAGE(INITIAL 65536 NEXT 1048576 MINEXTENTS 1 MAXEXTENTS 2147483645
  PCTINCREASE 0 FREELISTS 1 FREELIST GROUPS 1
  BUFFER_POOL DEFAULT FLASH_CACHE DEFAULT CELL_FLASH_CACHE DEFAULT)
  TABLESPACE "USERS" ;
--------------------------------------------------------
--  DDL for Index LIKEBLOG_PK
--------------------------------------------------------

  CREATE UNIQUE INDEX "CATJI"."LIKEBLOG_PK" ON "CATJI"."LIKEBLOG" ("USID", "BID") 
  PCTFREE 10 INITRANS 2 MAXTRANS 255 COMPUTE STATISTICS 
  STORAGE(INITIAL 65536 NEXT 1048576 MINEXTENTS 1 MAXEXTENTS 2147483645
  PCTINCREASE 0 FREELISTS 1 FREELIST GROUPS 1
  BUFFER_POOL DEFAULT FLASH_CACHE DEFAULT CELL_FLASH_CACHE DEFAULT)
  TABLESPACE "USERS" ;
--------------------------------------------------------
--  DDL for Index LIKEVIDEOCOMMENT_PK
--------------------------------------------------------

  CREATE UNIQUE INDEX "CATJI"."LIKEVIDEOCOMMENT_PK" ON "CATJI"."LIKEVIDEOCOMMENT" ("USID", "VCID") 
  PCTFREE 10 INITRANS 2 MAXTRANS 255 COMPUTE STATISTICS 
  STORAGE(INITIAL 65536 NEXT 1048576 MINEXTENTS 1 MAXEXTENTS 2147483645
  PCTINCREASE 0 FREELISTS 1 FREELIST GROUPS 1
  BUFFER_POOL DEFAULT FLASH_CACHE DEFAULT CELL_FLASH_CACHE DEFAULT)
  TABLESPACE "USERS" ;
--------------------------------------------------------
--  DDL for Index LIKEVIDEO_PK
--------------------------------------------------------

  CREATE UNIQUE INDEX "CATJI"."LIKEVIDEO_PK" ON "CATJI"."LIKEVIDEO" ("USID", "VID") 
  PCTFREE 10 INITRANS 2 MAXTRANS 255 COMPUTE STATISTICS 
  STORAGE(INITIAL 65536 NEXT 1048576 MINEXTENTS 1 MAXEXTENTS 2147483645
  PCTINCREASE 0 FREELISTS 1 FREELIST GROUPS 1
  BUFFER_POOL DEFAULT FLASH_CACHE DEFAULT CELL_FLASH_CACHE DEFAULT)
  TABLESPACE "USERS" ;
--------------------------------------------------------
--  DDL for Index MESSAGE_PK
--------------------------------------------------------

  CREATE UNIQUE INDEX "CATJI"."MESSAGE_PK" ON "CATJI"."MESSAGE" ("MID") 
  PCTFREE 10 INITRANS 2 MAXTRANS 255 COMPUTE STATISTICS 
  STORAGE(INITIAL 65536 NEXT 1048576 MINEXTENTS 1 MAXEXTENTS 2147483645
  PCTINCREASE 0 FREELISTS 1 FREELIST GROUPS 1
  BUFFER_POOL DEFAULT FLASH_CACHE DEFAULT CELL_FLASH_CACHE DEFAULT)
  TABLESPACE "USERS" ;
--------------------------------------------------------
--  DDL for Index REPORTBLOG_PK
--------------------------------------------------------

  CREATE UNIQUE INDEX "CATJI"."REPORTBLOG_PK" ON "CATJI"."REPORTBLOG" ("BRID") 
  PCTFREE 10 INITRANS 2 MAXTRANS 255 COMPUTE STATISTICS 
  TABLESPACE "USERS" ;
--------------------------------------------------------
--  DDL for Index REPORTVIDEO_PK
--------------------------------------------------------

  CREATE UNIQUE INDEX "CATJI"."REPORTVIDEO_PK" ON "CATJI"."REPORTVIDEO" ("VRID") 
  PCTFREE 10 INITRANS 2 MAXTRANS 255 COMPUTE STATISTICS 
  TABLESPACE "USERS" ;
--------------------------------------------------------
--  DDL for Index SEARCHHISTORY_PK
--------------------------------------------------------

  CREATE UNIQUE INDEX "CATJI"."SEARCHHISTORY_PK" ON "CATJI"."SEARCHHISTORY" ("USID", "CONTENT", "CREATE_TIME") 
  PCTFREE 10 INITRANS 2 MAXTRANS 255 COMPUTE STATISTICS 
  STORAGE(INITIAL 65536 NEXT 1048576 MINEXTENTS 1 MAXEXTENTS 2147483645
  PCTINCREASE 0 FREELISTS 1 FREELIST GROUPS 1
  BUFFER_POOL DEFAULT FLASH_CACHE DEFAULT CELL_FLASH_CACHE DEFAULT)
  TABLESPACE "USERS" ;
--------------------------------------------------------
--  DDL for Index TAG_PK
--------------------------------------------------------

  CREATE UNIQUE INDEX "CATJI"."TAG_PK" ON "CATJI"."TAG" ("TAG_ID") 
  PCTFREE 10 INITRANS 2 MAXTRANS 255 COMPUTE STATISTICS 
  STORAGE(INITIAL 65536 NEXT 1048576 MINEXTENTS 1 MAXEXTENTS 2147483645
  PCTINCREASE 0 FREELISTS 1 FREELIST GROUPS 1
  BUFFER_POOL DEFAULT FLASH_CACHE DEFAULT CELL_FLASH_CACHE DEFAULT)
  TABLESPACE "USERS" ;
--------------------------------------------------------
--  DDL for Index TAG__UN_NAME
--------------------------------------------------------

  CREATE UNIQUE INDEX "CATJI"."TAG__UN_NAME" ON "CATJI"."TAG" ("NAME") 
  PCTFREE 10 INITRANS 2 MAXTRANS 255 COMPUTE STATISTICS 
  STORAGE(INITIAL 65536 NEXT 1048576 MINEXTENTS 1 MAXEXTENTS 2147483645
  PCTINCREASE 0 FREELISTS 1 FREELIST GROUPS 1
  BUFFER_POOL DEFAULT FLASH_CACHE DEFAULT CELL_FLASH_CACHE DEFAULT)
  TABLESPACE "USERS" ;
--------------------------------------------------------
--  DDL for Index USERS_PK
--------------------------------------------------------

  CREATE UNIQUE INDEX "CATJI"."USERS_PK" ON "CATJI"."USERS" ("USID") 
  PCTFREE 10 INITRANS 2 MAXTRANS 255 COMPUTE STATISTICS 
  STORAGE(INITIAL 65536 NEXT 1048576 MINEXTENTS 1 MAXEXTENTS 2147483645
  PCTINCREASE 0 FREELISTS 1 FREELIST GROUPS 1
  BUFFER_POOL DEFAULT FLASH_CACHE DEFAULT CELL_FLASH_CACHE DEFAULT)
  TABLESPACE "USERS" ;
--------------------------------------------------------
--  DDL for Index USERS__UN_EMAIL
--------------------------------------------------------

  CREATE UNIQUE INDEX "CATJI"."USERS__UN_EMAIL" ON "CATJI"."USERS" ("EMAIL") 
  PCTFREE 10 INITRANS 2 MAXTRANS 255 COMPUTE STATISTICS 
  STORAGE(INITIAL 65536 NEXT 1048576 MINEXTENTS 1 MAXEXTENTS 2147483645
  PCTINCREASE 0 FREELISTS 1 FREELIST GROUPS 1
  BUFFER_POOL DEFAULT FLASH_CACHE DEFAULT CELL_FLASH_CACHE DEFAULT)
  TABLESPACE "USERS" ;
--------------------------------------------------------
--  DDL for Index USERS__UN_NICKNAME
--------------------------------------------------------

  CREATE UNIQUE INDEX "CATJI"."USERS__UN_NICKNAME" ON "CATJI"."USERS" ("NICKNAME") 
  PCTFREE 10 INITRANS 2 MAXTRANS 255 COMPUTE STATISTICS 
  STORAGE(INITIAL 65536 NEXT 1048576 MINEXTENTS 1 MAXEXTENTS 2147483645
  PCTINCREASE 0 FREELISTS 1 FREELIST GROUPS 1
  BUFFER_POOL DEFAULT FLASH_CACHE DEFAULT CELL_FLASH_CACHE DEFAULT)
  TABLESPACE "USERS" ;
--------------------------------------------------------
--  DDL for Index USERS__UN_TEL
--------------------------------------------------------

  CREATE UNIQUE INDEX "CATJI"."USERS__UN_TEL" ON "CATJI"."USERS" ("TEL") 
  PCTFREE 10 INITRANS 2 MAXTRANS 255 COMPUTE STATISTICS 
  STORAGE(INITIAL 65536 NEXT 1048576 MINEXTENTS 1 MAXEXTENTS 2147483645
  PCTINCREASE 0 FREELISTS 1 FREELIST GROUPS 1
  BUFFER_POOL DEFAULT FLASH_CACHE DEFAULT CELL_FLASH_CACHE DEFAULT)
  TABLESPACE "USERS" ;
--------------------------------------------------------
--  DDL for Index USERV1_EMAIL_UN
--------------------------------------------------------

  CREATE UNIQUE INDEX "CATJI"."USERV1_EMAIL_UN" ON "CATJI"."ADMIN" ("EMAIL") 
  PCTFREE 10 INITRANS 2 MAXTRANS 255 COMPUTE STATISTICS 
  STORAGE(INITIAL 65536 NEXT 1048576 MINEXTENTS 1 MAXEXTENTS 2147483645
  PCTINCREASE 0 FREELISTS 1 FREELIST GROUPS 1
  BUFFER_POOL DEFAULT FLASH_CACHE DEFAULT CELL_FLASH_CACHE DEFAULT)
  TABLESPACE "USERS" ;
--------------------------------------------------------
--  DDL for Index USERV1_NICKNAME_UN
--------------------------------------------------------

  CREATE UNIQUE INDEX "CATJI"."USERV1_NICKNAME_UN" ON "CATJI"."ADMIN" ("NICKNAME") 
  PCTFREE 10 INITRANS 2 MAXTRANS 255 COMPUTE STATISTICS 
  STORAGE(INITIAL 65536 NEXT 1048576 MINEXTENTS 1 MAXEXTENTS 2147483645
  PCTINCREASE 0 FREELISTS 1 FREELIST GROUPS 1
  BUFFER_POOL DEFAULT FLASH_CACHE DEFAULT CELL_FLASH_CACHE DEFAULT)
  TABLESPACE "USERS" ;
--------------------------------------------------------
--  DDL for Index USERV1_PK
--------------------------------------------------------

  CREATE UNIQUE INDEX "CATJI"."USERV1_PK" ON "CATJI"."ADMIN" ("ADMIN_ID") 
  PCTFREE 10 INITRANS 2 MAXTRANS 255 COMPUTE STATISTICS 
  STORAGE(INITIAL 65536 NEXT 1048576 MINEXTENTS 1 MAXEXTENTS 2147483645
  PCTINCREASE 0 FREELISTS 1 FREELIST GROUPS 1
  BUFFER_POOL DEFAULT FLASH_CACHE DEFAULT CELL_FLASH_CACHE DEFAULT)
  TABLESPACE "USERS" ;
--------------------------------------------------------
--  DDL for Index USERV1_TEL_UN
--------------------------------------------------------

  CREATE UNIQUE INDEX "CATJI"."USERV1_TEL_UN" ON "CATJI"."ADMIN" ("TEL") 
  PCTFREE 10 INITRANS 2 MAXTRANS 255 COMPUTE STATISTICS 
  STORAGE(INITIAL 65536 NEXT 1048576 MINEXTENTS 1 MAXEXTENTS 2147483645
  PCTINCREASE 0 FREELISTS 1 FREELIST GROUPS 1
  BUFFER_POOL DEFAULT FLASH_CACHE DEFAULT CELL_FLASH_CACHE DEFAULT)
  TABLESPACE "USERS" ;
--------------------------------------------------------
--  DDL for Index VIDEOCOMMENT_PK
--------------------------------------------------------

  CREATE UNIQUE INDEX "CATJI"."VIDEOCOMMENT_PK" ON "CATJI"."VIDEOCOMMENT" ("VCID") 
  PCTFREE 10 INITRANS 2 MAXTRANS 255 COMPUTE STATISTICS 
  STORAGE(INITIAL 65536 NEXT 1048576 MINEXTENTS 1 MAXEXTENTS 2147483645
  PCTINCREASE 0 FREELISTS 1 FREELIST GROUPS 1
  BUFFER_POOL DEFAULT FLASH_CACHE DEFAULT CELL_FLASH_CACHE DEFAULT)
  TABLESPACE "USERS" ;
--------------------------------------------------------
--  DDL for Index VIDEOTAG_PK
--------------------------------------------------------

  CREATE UNIQUE INDEX "CATJI"."VIDEOTAG_PK" ON "CATJI"."VIDEOTAG" ("VID", "TAG_ID") 
  PCTFREE 10 INITRANS 2 MAXTRANS 255 COMPUTE STATISTICS 
  STORAGE(INITIAL 65536 NEXT 1048576 MINEXTENTS 1 MAXEXTENTS 2147483645
  PCTINCREASE 0 FREELISTS 1 FREELIST GROUPS 1
  BUFFER_POOL DEFAULT FLASH_CACHE DEFAULT CELL_FLASH_CACHE DEFAULT)
  TABLESPACE "USERS" ;
--------------------------------------------------------
--  DDL for Index VIDEO_PK
--------------------------------------------------------

  CREATE UNIQUE INDEX "CATJI"."VIDEO_PK" ON "CATJI"."VIDEO" ("VID") 
  PCTFREE 10 INITRANS 2 MAXTRANS 255 COMPUTE STATISTICS 
  STORAGE(INITIAL 65536 NEXT 1048576 MINEXTENTS 1 MAXEXTENTS 2147483645
  PCTINCREASE 0 FREELISTS 1 FREELIST GROUPS 1
  BUFFER_POOL DEFAULT FLASH_CACHE DEFAULT CELL_FLASH_CACHE DEFAULT)
  TABLESPACE "USERS" ;
--------------------------------------------------------
--  DDL for Index VIDEO__UN_PATH
--------------------------------------------------------

  CREATE UNIQUE INDEX "CATJI"."VIDEO__UN_PATH" ON "CATJI"."VIDEO" ("PATH") 
  PCTFREE 10 INITRANS 2 MAXTRANS 255 COMPUTE STATISTICS 
  STORAGE(INITIAL 65536 NEXT 1048576 MINEXTENTS 1 MAXEXTENTS 2147483645
  PCTINCREASE 0 FREELISTS 1 FREELIST GROUPS 1
  BUFFER_POOL DEFAULT FLASH_CACHE DEFAULT CELL_FLASH_CACHE DEFAULT)
  TABLESPACE "USERS" ;
--------------------------------------------------------
--  DDL for Index WATCHHISTORY_PK
--------------------------------------------------------

  CREATE UNIQUE INDEX "CATJI"."WATCHHISTORY_PK" ON "CATJI"."WATCHHISTORY" ("USID", "VID", "CREATE_TIME") 
  PCTFREE 10 INITRANS 2 MAXTRANS 255 COMPUTE STATISTICS 
  STORAGE(INITIAL 65536 NEXT 1048576 MINEXTENTS 1 MAXEXTENTS 2147483645
  PCTINCREASE 0 FREELISTS 1 FREELIST GROUPS 1
  BUFFER_POOL DEFAULT FLASH_CACHE DEFAULT CELL_FLASH_CACHE DEFAULT)
  TABLESPACE "USERS" ;
--------------------------------------------------------
--  DDL for Trigger T_ADMIN_IN
--------------------------------------------------------

  CREATE OR REPLACE NONEDITIONABLE TRIGGER "CATJI"."T_ADMIN_IN" 
	before insert
	on ADMIN
	for each row
begin
    select ADMIN_ID_SEQ.nextval into :new.ADMIN_ID from dual;
end;

/
ALTER TRIGGER "CATJI"."T_ADMIN_IN" ENABLE;
--------------------------------------------------------
--  DDL for Trigger T_BLOGCOMMENT_IN
--------------------------------------------------------

  CREATE OR REPLACE NONEDITIONABLE TRIGGER "CATJI"."T_BLOGCOMMENT_IN" 
	before insert
	on BLOGCOMMENT
	for each row
begin
    select BCID_SEQ.nextval into :new.BCID from dual;
end;

/
ALTER TRIGGER "CATJI"."T_BLOGCOMMENT_IN" ENABLE;
--------------------------------------------------------
--  DDL for Trigger T_BLOGCOMMENT_LIKE
--------------------------------------------------------

  CREATE OR REPLACE NONEDITIONABLE TRIGGER "CATJI"."T_BLOGCOMMENT_LIKE" 
	after insert
	on LIKEBLOGCOMMENT
	for each row
begin
    update BLOGCOMMENT BC set BC.LIKE_NUM=BC.LIKE_NUM + 1 where :new.BCID = BC.BCID;
end;

/
ALTER TRIGGER "CATJI"."T_BLOGCOMMENT_LIKE" ENABLE;
--------------------------------------------------------
--  DDL for Trigger T_BLOGCOMMENT_UNLIKE
--------------------------------------------------------

  CREATE OR REPLACE NONEDITIONABLE TRIGGER "CATJI"."T_BLOGCOMMENT_UNLIKE" 
	after delete
	on LIKEBLOGCOMMENT
	for each row
begin
    update BLOGCOMMENT BC set BC.LIKE_NUM=BC.LIKE_NUM - 1 where :old.BCID = BC.BCID;
end;

/
ALTER TRIGGER "CATJI"."T_BLOGCOMMENT_UNLIKE" ENABLE;
--------------------------------------------------------
--  DDL for Trigger T_BLOG_COMMENT
--------------------------------------------------------

  CREATE OR REPLACE NONEDITIONABLE TRIGGER "CATJI"."T_BLOG_COMMENT" 
	after insert
	on BLOGCOMMENT
	for each row
begin
    update BLOG B set B.COMMENT_NUM=B.COMMENT_NUM + 1 where :new.BID = B.BID;
end;

/
ALTER TRIGGER "CATJI"."T_BLOG_COMMENT" ENABLE;
--------------------------------------------------------
--  DDL for Trigger T_BLOG_IN
--------------------------------------------------------

  CREATE OR REPLACE NONEDITIONABLE TRIGGER "CATJI"."T_BLOG_IN" 
	before insert
	on BLOG
	for each row
begin
    select BID_SEQ.nextval into :new.BID from dual;
end;

/
ALTER TRIGGER "CATJI"."T_BLOG_IN" ENABLE;
--------------------------------------------------------
--  DDL for Trigger T_BLOG_LIKE
--------------------------------------------------------

  CREATE OR REPLACE NONEDITIONABLE TRIGGER "CATJI"."T_BLOG_LIKE" 
	after insert
	on LIKEBLOG
	for each row
begin
    update BLOG B set B.LIKE_NUM=B.LIKE_NUM + 1 where :new.BID = B.BID;
end;

/
ALTER TRIGGER "CATJI"."T_BLOG_LIKE" ENABLE;
--------------------------------------------------------
--  DDL for Trigger T_BLOG_UNCOMMENT
--------------------------------------------------------

  CREATE OR REPLACE NONEDITIONABLE TRIGGER "CATJI"."T_BLOG_UNCOMMENT" 
	after delete
	on BLOGCOMMENT
	for each row
begin
    update BLOG B set B.COMMENT_NUM=B.COMMENT_NUM - 1 where :old.BID = B.BID;
end;

/
ALTER TRIGGER "CATJI"."T_BLOG_UNCOMMENT" ENABLE;
--------------------------------------------------------
--  DDL for Trigger T_BLOG_UNLIKE
--------------------------------------------------------

  CREATE OR REPLACE NONEDITIONABLE TRIGGER "CATJI"."T_BLOG_UNLIKE" 
	after delete
	on LIKEBLOG
	for each row
begin
    update BLOG B set B.LIKE_NUM=B.LIKE_NUM - 1 where :old.BID = B.BID;
end;

/
ALTER TRIGGER "CATJI"."T_BLOG_UNLIKE" ENABLE;
--------------------------------------------------------
--  DDL for Trigger T_CAT_IN
--------------------------------------------------------

  CREATE OR REPLACE NONEDITIONABLE TRIGGER "CATJI"."T_CAT_IN" 
	before insert
	on CAT
	for each row
begin
    select CATID_SEQ.nextval into :new.CAT_ID from dual;
end;
/
ALTER TRIGGER "CATJI"."T_CAT_IN" ENABLE;
--------------------------------------------------------
--  DDL for Trigger T_MESSAGE_IN
--------------------------------------------------------

  CREATE OR REPLACE NONEDITIONABLE TRIGGER "CATJI"."T_MESSAGE_IN" 
	before insert
	on MESSAGE
	for each row
begin
    select MID_SEQ.nextval into :new.MID from dual;
end;

/
ALTER TRIGGER "CATJI"."T_MESSAGE_IN" ENABLE;
--------------------------------------------------------
--  DDL for Trigger T_REPORTBLOG_IN
--------------------------------------------------------

  CREATE OR REPLACE NONEDITIONABLE TRIGGER "CATJI"."T_REPORTBLOG_IN" 
	before insert
	on REPORTBLOG
	for each row
begin
    select BRID_SEQ.nextval into :new.BRID from dual;
end;

/
ALTER TRIGGER "CATJI"."T_REPORTBLOG_IN" ENABLE;
--------------------------------------------------------
--  DDL for Trigger T_REPORTVIDEO_IN
--------------------------------------------------------

  CREATE OR REPLACE NONEDITIONABLE TRIGGER "CATJI"."T_REPORTVIDEO_IN" 
	before insert
	on REPORTVIDEO
	for each row
begin
    select VRID_SEQ.nextval into :new.VRID from dual;
end;

/
ALTER TRIGGER "CATJI"."T_REPORTVIDEO_IN" ENABLE;
--------------------------------------------------------
--  DDL for Trigger T_TAG_IN
--------------------------------------------------------

  CREATE OR REPLACE NONEDITIONABLE TRIGGER "CATJI"."T_TAG_IN" 
	before insert
	on TAG
	for each row
begin
    select TAG_ID_SEQ.nextval into :new.TAG_ID from dual;
end;

/
ALTER TRIGGER "CATJI"."T_TAG_IN" ENABLE;
--------------------------------------------------------
--  DDL for Trigger T_USERS_IN
--------------------------------------------------------

  CREATE OR REPLACE NONEDITIONABLE TRIGGER "CATJI"."T_USERS_IN" 
    before insert
    on USERS
    for each row
begin
    select USID_SEQ.nextval into :new.USID from dual;
end;

/
ALTER TRIGGER "CATJI"."T_USERS_IN" ENABLE;
--------------------------------------------------------
--  DDL for Trigger T_USER_FOLLOW
--------------------------------------------------------

  CREATE OR REPLACE NONEDITIONABLE TRIGGER "CATJI"."T_USER_FOLLOW" 
	after insert
	on FOLLOW
	for each row
begin
    update USERS U set U.FOLLOWER_NUM=U.FOLLOWER_NUM + 1 where :new.FOLLOW_USID = U.USID;
end;

/
ALTER TRIGGER "CATJI"."T_USER_FOLLOW" ENABLE;
--------------------------------------------------------
--  DDL for Trigger T_USER_UNFOLLOW
--------------------------------------------------------

  CREATE OR REPLACE NONEDITIONABLE TRIGGER "CATJI"."T_USER_UNFOLLOW" 
	after delete
	on FOLLOW
	for each row
begin
    update USERS U set U.FOLLOWER_NUM=U.FOLLOWER_NUM - 1 where :old.FOLLOW_USID = U.USID;
end;

/
ALTER TRIGGER "CATJI"."T_USER_UNFOLLOW" ENABLE;
--------------------------------------------------------
--  DDL for Trigger T_VIDEOCOMMENT_IN
--------------------------------------------------------

  CREATE OR REPLACE NONEDITIONABLE TRIGGER "CATJI"."T_VIDEOCOMMENT_IN" 
	before insert
	on VIDEOCOMMENT
	for each row
begin
    select VCID_SEQ.nextval into :new.VCID from dual;
end;

/
ALTER TRIGGER "CATJI"."T_VIDEOCOMMENT_IN" ENABLE;
--------------------------------------------------------
--  DDL for Trigger T_VIDEOCOMMENT_LIKE
--------------------------------------------------------

  CREATE OR REPLACE NONEDITIONABLE TRIGGER "CATJI"."T_VIDEOCOMMENT_LIKE" 
	after insert
	on LIKEVIDEOCOMMENT
	for each row
begin
    update VIDEOCOMMENT VC set VC.LIKE_NUM=VC.LIKE_NUM + 1 where :new.VCID = VC.VCID;
end;

/
ALTER TRIGGER "CATJI"."T_VIDEOCOMMENT_LIKE" ENABLE;
--------------------------------------------------------
--  DDL for Trigger T_VIDEOCOMMENT_UNLIKE
--------------------------------------------------------

  CREATE OR REPLACE NONEDITIONABLE TRIGGER "CATJI"."T_VIDEOCOMMENT_UNLIKE" 
	after delete
	on LIKEVIDEOCOMMENT
	for each row
begin
    update VIDEOCOMMENT VC set VC.LIKE_NUM=VC.LIKE_NUM - 1 where :old.VCID = VC.VCID;
end;

/
ALTER TRIGGER "CATJI"."T_VIDEOCOMMENT_UNLIKE" ENABLE;
--------------------------------------------------------
--  DDL for Trigger T_VIDEO_COMMENT
--------------------------------------------------------

  CREATE OR REPLACE NONEDITIONABLE TRIGGER "CATJI"."T_VIDEO_COMMENT" 
	after insert
	on VIDEOCOMMENT
	for each row
begin
    update VIDEO V set V.COMMENT_NUM=V.COMMENT_NUM + 1 where :new.VID = V.VID;
end;

/
ALTER TRIGGER "CATJI"."T_VIDEO_COMMENT" ENABLE;
--------------------------------------------------------
--  DDL for Trigger T_VIDEO_FAV
--------------------------------------------------------

  CREATE OR REPLACE NONEDITIONABLE TRIGGER "CATJI"."T_VIDEO_FAV" 
	after insert
	on FAVORITE
	for each row
begin
    update VIDEO V set V.FAVORITE_NUM=V.FAVORITE_NUM + 1 where :new.VID = V.VID;
end;

/
ALTER TRIGGER "CATJI"."T_VIDEO_FAV" ENABLE;
--------------------------------------------------------
--  DDL for Trigger T_VIDEO_IN
--------------------------------------------------------

  CREATE OR REPLACE NONEDITIONABLE TRIGGER "CATJI"."T_VIDEO_IN" 
	before insert
	on VIDEO
	for each row
begin
    select VID_SEQ.nextval into :new.VID from dual;
end;

/
ALTER TRIGGER "CATJI"."T_VIDEO_IN" ENABLE;
--------------------------------------------------------
--  DDL for Trigger T_VIDEO_LIKE
--------------------------------------------------------

  CREATE OR REPLACE NONEDITIONABLE TRIGGER "CATJI"."T_VIDEO_LIKE" 
	after insert
	on LIKEVIDEO
	for each row
begin
    update VIDEO V set V.LIKE_NUM=V.LIKE_NUM + 1 where :new.VID = V.VID;
end;

/
ALTER TRIGGER "CATJI"."T_VIDEO_LIKE" ENABLE;
--------------------------------------------------------
--  DDL for Trigger T_VIDEO_UNCOMMENT
--------------------------------------------------------

  CREATE OR REPLACE NONEDITIONABLE TRIGGER "CATJI"."T_VIDEO_UNCOMMENT" 
	after delete
	on VIDEOCOMMENT
	for each row
begin
    update VIDEO V set V.COMMENT_NUM=V.COMMENT_NUM - 1 where :old.VID = V.VID;
end;

/
ALTER TRIGGER "CATJI"."T_VIDEO_UNCOMMENT" ENABLE;
--------------------------------------------------------
--  DDL for Trigger T_VIDEO_UNFAV
--------------------------------------------------------

  CREATE OR REPLACE NONEDITIONABLE TRIGGER "CATJI"."T_VIDEO_UNFAV" 
	after delete
	on FAVORITE
	for each row
begin
    update VIDEO V set V.FAVORITE_NUM=V.FAVORITE_NUM - 1 where :old.VID = V.VID;
end;

/
ALTER TRIGGER "CATJI"."T_VIDEO_UNFAV" ENABLE;
--------------------------------------------------------
--  DDL for Trigger T_VIDEO_UNLIKE
--------------------------------------------------------

  CREATE OR REPLACE NONEDITIONABLE TRIGGER "CATJI"."T_VIDEO_UNLIKE" 
	after delete
	on LIKEVIDEO
	for each row
begin
    update VIDEO V set V.LIKE_NUM=V.LIKE_NUM - 1 where :old.VID = V.VID;
end;

/
ALTER TRIGGER "CATJI"."T_VIDEO_UNLIKE" ENABLE;
--------------------------------------------------------
--  Constraints for Table USERS
--------------------------------------------------------

  ALTER TABLE "CATJI"."USERS" MODIFY ("USID" NOT NULL ENABLE);
  ALTER TABLE "CATJI"."USERS" MODIFY ("NICKNAME" NOT NULL ENABLE);
  ALTER TABLE "CATJI"."USERS" MODIFY ("PASSWORD" NOT NULL ENABLE);
  ALTER TABLE "CATJI"."USERS" MODIFY ("CREATE_TIME" NOT NULL ENABLE);
  ALTER TABLE "CATJI"."USERS" MODIFY ("FOLLOWER_NUM" NOT NULL ENABLE);
  ALTER TABLE "CATJI"."USERS" MODIFY ("CHANGED_TIME" NOT NULL ENABLE);
  ALTER TABLE "CATJI"."USERS" ADD CONSTRAINT "USERS_PK" PRIMARY KEY ("USID")
  USING INDEX "CATJI"."USERS_PK"  ENABLE;
  ALTER TABLE "CATJI"."USERS" ADD CONSTRAINT "USERS__UN_EMAIL" UNIQUE ("EMAIL")
  USING INDEX "CATJI"."USERS__UN_EMAIL"  ENABLE;
  ALTER TABLE "CATJI"."USERS" ADD CONSTRAINT "USERS__UN_TEL" UNIQUE ("TEL")
  USING INDEX "CATJI"."USERS__UN_TEL"  ENABLE;
  ALTER TABLE "CATJI"."USERS" ADD CONSTRAINT "USERS__UN_NICKNAME" UNIQUE ("NICKNAME")
  USING INDEX "CATJI"."USERS__UN_NICKNAME"  ENABLE;
--------------------------------------------------------
--  Constraints for Table BLOGCOMMENT
--------------------------------------------------------

  ALTER TABLE "CATJI"."BLOGCOMMENT" MODIFY ("BCID" NOT NULL ENABLE);
  ALTER TABLE "CATJI"."BLOGCOMMENT" MODIFY ("USID" NOT NULL ENABLE);
  ALTER TABLE "CATJI"."BLOGCOMMENT" MODIFY ("BID" NOT NULL ENABLE);
  ALTER TABLE "CATJI"."BLOGCOMMENT" MODIFY ("CONTENT" NOT NULL ENABLE);
  ALTER TABLE "CATJI"."BLOGCOMMENT" MODIFY ("CREATE_TIME" NOT NULL ENABLE);
  ALTER TABLE "CATJI"."BLOGCOMMENT" MODIFY ("LIKE_NUM" NOT NULL ENABLE);
  ALTER TABLE "CATJI"."BLOGCOMMENT" ADD CONSTRAINT "BLOGCOMMENT_PK" PRIMARY KEY ("BCID")
  USING INDEX "CATJI"."BLOGCOMMENT_PK"  ENABLE;
--------------------------------------------------------
--  Constraints for Table BLOG
--------------------------------------------------------

  ALTER TABLE "CATJI"."BLOG" MODIFY ("BID" NOT NULL ENABLE);
  ALTER TABLE "CATJI"."BLOG" MODIFY ("USID" NOT NULL ENABLE);
  ALTER TABLE "CATJI"."BLOG" MODIFY ("CREATE_TIME" NOT NULL ENABLE);
  ALTER TABLE "CATJI"."BLOG" MODIFY ("LIKE_NUM" NOT NULL ENABLE);
  ALTER TABLE "CATJI"."BLOG" MODIFY ("COMMENT_NUM" NOT NULL ENABLE);
  ALTER TABLE "CATJI"."BLOG" MODIFY ("TRANSMIT_NUM" NOT NULL ENABLE);
  ALTER TABLE "CATJI"."BLOG" ADD CONSTRAINT "BLOG_PK" PRIMARY KEY ("BID")
  USING INDEX "CATJI"."BLOG_PK"  ENABLE;
--------------------------------------------------------
--  Constraints for Table MESSAGE
--------------------------------------------------------

  ALTER TABLE "CATJI"."MESSAGE" MODIFY ("MID" NOT NULL ENABLE);
  ALTER TABLE "CATJI"."MESSAGE" MODIFY ("USID" NOT NULL ENABLE);
  ALTER TABLE "CATJI"."MESSAGE" MODIFY ("TO_USID" NOT NULL ENABLE);
  ALTER TABLE "CATJI"."MESSAGE" MODIFY ("CONTENT" NOT NULL ENABLE);
  ALTER TABLE "CATJI"."MESSAGE" MODIFY ("CREATE_TIME" NOT NULL ENABLE);
  ALTER TABLE "CATJI"."MESSAGE" ADD CONSTRAINT "MESSAGE_PK" PRIMARY KEY ("MID")
  USING INDEX "CATJI"."MESSAGE_PK"  ENABLE;
--------------------------------------------------------
--  Constraints for Table VIDEOCOMMENT
--------------------------------------------------------

  ALTER TABLE "CATJI"."VIDEOCOMMENT" MODIFY ("VCID" NOT NULL ENABLE);
  ALTER TABLE "CATJI"."VIDEOCOMMENT" MODIFY ("USID" NOT NULL ENABLE);
  ALTER TABLE "CATJI"."VIDEOCOMMENT" MODIFY ("VID" NOT NULL ENABLE);
  ALTER TABLE "CATJI"."VIDEOCOMMENT" MODIFY ("CONTENT" NOT NULL ENABLE);
  ALTER TABLE "CATJI"."VIDEOCOMMENT" MODIFY ("CREATE_TIME" NOT NULL ENABLE);
  ALTER TABLE "CATJI"."VIDEOCOMMENT" MODIFY ("LIKE_NUM" NOT NULL ENABLE);
  ALTER TABLE "CATJI"."VIDEOCOMMENT" ADD CONSTRAINT "VIDEOCOMMENT_PK" PRIMARY KEY ("VCID")
  USING INDEX "CATJI"."VIDEOCOMMENT_PK"  ENABLE;
--------------------------------------------------------
--  Constraints for Table FOLLOW
--------------------------------------------------------

  ALTER TABLE "CATJI"."FOLLOW" MODIFY ("USID" NOT NULL ENABLE);
  ALTER TABLE "CATJI"."FOLLOW" MODIFY ("FOLLOW_USID" NOT NULL ENABLE);
  ALTER TABLE "CATJI"."FOLLOW" ADD CONSTRAINT "FOLLOW_PK" PRIMARY KEY ("USID", "FOLLOW_USID")
  USING INDEX "CATJI"."FOLLOW_PK"  ENABLE;
--------------------------------------------------------
--  Constraints for Table WATCHHISTORY
--------------------------------------------------------

  ALTER TABLE "CATJI"."WATCHHISTORY" MODIFY ("USID" NOT NULL ENABLE);
  ALTER TABLE "CATJI"."WATCHHISTORY" MODIFY ("VID" NOT NULL ENABLE);
  ALTER TABLE "CATJI"."WATCHHISTORY" MODIFY ("CREATE_TIME" NOT NULL ENABLE);
  ALTER TABLE "CATJI"."WATCHHISTORY" ADD CONSTRAINT "WATCHHISTORY_PK" PRIMARY KEY ("USID", "VID", "CREATE_TIME")
  USING INDEX "CATJI"."WATCHHISTORY_PK"  ENABLE;
--------------------------------------------------------
--  Constraints for Table LIKEVIDEO
--------------------------------------------------------

  ALTER TABLE "CATJI"."LIKEVIDEO" MODIFY ("USID" NOT NULL ENABLE);
  ALTER TABLE "CATJI"."LIKEVIDEO" MODIFY ("VID" NOT NULL ENABLE);
  ALTER TABLE "CATJI"."LIKEVIDEO" ADD CONSTRAINT "LIKEVIDEO_PK" PRIMARY KEY ("USID", "VID")
  USING INDEX "CATJI"."LIKEVIDEO_PK"  ENABLE;
--------------------------------------------------------
--  Constraints for Table SEARCHHISTORY
--------------------------------------------------------

  ALTER TABLE "CATJI"."SEARCHHISTORY" MODIFY ("USID" NOT NULL ENABLE);
  ALTER TABLE "CATJI"."SEARCHHISTORY" MODIFY ("CONTENT" NOT NULL ENABLE);
  ALTER TABLE "CATJI"."SEARCHHISTORY" MODIFY ("CREATE_TIME" NOT NULL ENABLE);
  ALTER TABLE "CATJI"."SEARCHHISTORY" ADD CONSTRAINT "SEARCHHISTORY_PK" PRIMARY KEY ("USID", "CONTENT", "CREATE_TIME")
  USING INDEX "CATJI"."SEARCHHISTORY_PK"  ENABLE;
--------------------------------------------------------
--  Constraints for Table VIDEOTAG
--------------------------------------------------------

  ALTER TABLE "CATJI"."VIDEOTAG" MODIFY ("VID" NOT NULL ENABLE);
  ALTER TABLE "CATJI"."VIDEOTAG" MODIFY ("TAG_ID" NOT NULL ENABLE);
  ALTER TABLE "CATJI"."VIDEOTAG" ADD CONSTRAINT "VIDEOTAG_PK" PRIMARY KEY ("VID", "TAG_ID")
  USING INDEX "CATJI"."VIDEOTAG_PK"  ENABLE;
--------------------------------------------------------
--  Constraints for Table LIKEBLOGCOMMENT
--------------------------------------------------------

  ALTER TABLE "CATJI"."LIKEBLOGCOMMENT" MODIFY ("USID" NOT NULL ENABLE);
  ALTER TABLE "CATJI"."LIKEBLOGCOMMENT" MODIFY ("BCID" NOT NULL ENABLE);
  ALTER TABLE "CATJI"."LIKEBLOGCOMMENT" ADD CONSTRAINT "LIKEBLOGCOMMENT_PK" PRIMARY KEY ("USID", "BCID")
  USING INDEX "CATJI"."LIKEBLOGCOMMENT_PK"  ENABLE;
--------------------------------------------------------
--  Constraints for Table BLOGIMAGE
--------------------------------------------------------

  ALTER TABLE "CATJI"."BLOGIMAGE" MODIFY ("IMG_URL" NOT NULL ENABLE);
  ALTER TABLE "CATJI"."BLOGIMAGE" MODIFY ("BID" NOT NULL ENABLE);
  ALTER TABLE "CATJI"."BLOGIMAGE" ADD CONSTRAINT "BLOGIMAGE_PK" PRIMARY KEY ("IMG_URL", "BID")
  USING INDEX "CATJI"."BLOGIMAGE_PK"  ENABLE;
--------------------------------------------------------
--  Constraints for Table REPORTVIDEO
--------------------------------------------------------

  ALTER TABLE "CATJI"."REPORTVIDEO" MODIFY ("VRID" NOT NULL ENABLE);
  ALTER TABLE "CATJI"."REPORTVIDEO" MODIFY ("USID" NOT NULL ENABLE);
  ALTER TABLE "CATJI"."REPORTVIDEO" MODIFY ("VID" NOT NULL ENABLE);
  ALTER TABLE "CATJI"."REPORTVIDEO" MODIFY ("CREATE_TIME" NOT NULL ENABLE);
  ALTER TABLE "CATJI"."REPORTVIDEO" ADD CONSTRAINT "REPORTVIDEO_PK" PRIMARY KEY ("VRID")
  USING INDEX "CATJI"."REPORTVIDEO_PK"  ENABLE;
--------------------------------------------------------
--  Constraints for Table ADMIN
--------------------------------------------------------

  ALTER TABLE "CATJI"."ADMIN" MODIFY ("ADMIN_ID" NOT NULL ENABLE);
  ALTER TABLE "CATJI"."ADMIN" MODIFY ("NICKNAME" NOT NULL ENABLE);
  ALTER TABLE "CATJI"."ADMIN" MODIFY ("PASSWORD" NOT NULL ENABLE);
  ALTER TABLE "CATJI"."ADMIN" MODIFY ("CREATE_TIME" NOT NULL ENABLE);
  ALTER TABLE "CATJI"."ADMIN" ADD CONSTRAINT "USERV1_PK" PRIMARY KEY ("ADMIN_ID")
  USING INDEX "CATJI"."USERV1_PK"  ENABLE;
  ALTER TABLE "CATJI"."ADMIN" ADD CONSTRAINT "USERV1_EMAIL_UN" UNIQUE ("EMAIL")
  USING INDEX "CATJI"."USERV1_EMAIL_UN"  ENABLE;
  ALTER TABLE "CATJI"."ADMIN" ADD CONSTRAINT "USERV1_TEL_UN" UNIQUE ("TEL")
  USING INDEX "CATJI"."USERV1_TEL_UN"  ENABLE;
  ALTER TABLE "CATJI"."ADMIN" ADD CONSTRAINT "USERV1_NICKNAME_UN" UNIQUE ("NICKNAME")
  USING INDEX "CATJI"."USERV1_NICKNAME_UN"  ENABLE;
--------------------------------------------------------
--  Constraints for Table TAG
--------------------------------------------------------

  ALTER TABLE "CATJI"."TAG" MODIFY ("TAG_ID" NOT NULL ENABLE);
  ALTER TABLE "CATJI"."TAG" MODIFY ("NAME" NOT NULL ENABLE);
  ALTER TABLE "CATJI"."TAG" ADD CONSTRAINT "TAG_PK" PRIMARY KEY ("TAG_ID")
  USING INDEX "CATJI"."TAG_PK"  ENABLE;
  ALTER TABLE "CATJI"."TAG" ADD CONSTRAINT "TAG__UN_NAME" UNIQUE ("NAME")
  USING INDEX "CATJI"."TAG__UN_NAME"  ENABLE;
--------------------------------------------------------
--  Constraints for Table LIKEVIDEOCOMMENT
--------------------------------------------------------

  ALTER TABLE "CATJI"."LIKEVIDEOCOMMENT" MODIFY ("USID" NOT NULL ENABLE);
  ALTER TABLE "CATJI"."LIKEVIDEOCOMMENT" MODIFY ("VCID" NOT NULL ENABLE);
  ALTER TABLE "CATJI"."LIKEVIDEOCOMMENT" ADD CONSTRAINT "LIKEVIDEOCOMMENT_PK" PRIMARY KEY ("USID", "VCID")
  USING INDEX "CATJI"."LIKEVIDEOCOMMENT_PK"  ENABLE;
--------------------------------------------------------
--  Constraints for Table REPORTBLOG
--------------------------------------------------------

  ALTER TABLE "CATJI"."REPORTBLOG" MODIFY ("BRID" NOT NULL ENABLE);
  ALTER TABLE "CATJI"."REPORTBLOG" MODIFY ("USID" NOT NULL ENABLE);
  ALTER TABLE "CATJI"."REPORTBLOG" MODIFY ("BID" NOT NULL ENABLE);
  ALTER TABLE "CATJI"."REPORTBLOG" MODIFY ("CREATE_TIME" NOT NULL ENABLE);
  ALTER TABLE "CATJI"."REPORTBLOG" ADD CONSTRAINT "REPORTBLOG_PK" PRIMARY KEY ("BRID")
  USING INDEX "CATJI"."REPORTBLOG_PK"  ENABLE;
--------------------------------------------------------
--  Constraints for Table CAT
--------------------------------------------------------

  ALTER TABLE "CATJI"."CAT" MODIFY ("CAT_ID" NOT NULL ENABLE);
  ALTER TABLE "CATJI"."CAT" ADD CONSTRAINT "CAT_PK" PRIMARY KEY ("CAT_ID")
  USING INDEX "CATJI"."CAT_PK"  ENABLE;
--------------------------------------------------------
--  Constraints for Table LIKEBLOG
--------------------------------------------------------

  ALTER TABLE "CATJI"."LIKEBLOG" MODIFY ("USID" NOT NULL ENABLE);
  ALTER TABLE "CATJI"."LIKEBLOG" MODIFY ("BID" NOT NULL ENABLE);
  ALTER TABLE "CATJI"."LIKEBLOG" ADD CONSTRAINT "LIKEBLOG_PK" PRIMARY KEY ("USID", "BID")
  USING INDEX "CATJI"."LIKEBLOG_PK"  ENABLE;
--------------------------------------------------------
--  Constraints for Table BLOCK
--------------------------------------------------------

  ALTER TABLE "CATJI"."BLOCK" MODIFY ("USID" NOT NULL ENABLE);
  ALTER TABLE "CATJI"."BLOCK" MODIFY ("BLOCK_USID" NOT NULL ENABLE);
  ALTER TABLE "CATJI"."BLOCK" ADD CONSTRAINT "BLOCK_PK" PRIMARY KEY ("BLOCK_USID", "USID")
  USING INDEX "CATJI"."BLOCK_PK"  ENABLE;
--------------------------------------------------------
--  Constraints for Table FAVORITE
--------------------------------------------------------

  ALTER TABLE "CATJI"."FAVORITE" MODIFY ("USID" NOT NULL ENABLE);
  ALTER TABLE "CATJI"."FAVORITE" MODIFY ("VID" NOT NULL ENABLE);
  ALTER TABLE "CATJI"."FAVORITE" ADD CONSTRAINT "FAVORITE_PK" PRIMARY KEY ("USID", "VID")
  USING INDEX "CATJI"."FAVORITE_PK"  ENABLE;
--------------------------------------------------------
--  Constraints for Table VIDEO
--------------------------------------------------------

  ALTER TABLE "CATJI"."VIDEO" MODIFY ("VID" NOT NULL ENABLE);
  ALTER TABLE "CATJI"."VIDEO" MODIFY ("TITLE" NOT NULL ENABLE);
  ALTER TABLE "CATJI"."VIDEO" MODIFY ("CREATE_TIME" NOT NULL ENABLE);
  ALTER TABLE "CATJI"."VIDEO" MODIFY ("USID" NOT NULL ENABLE);
  ALTER TABLE "CATJI"."VIDEO" MODIFY ("LIKE_NUM" NOT NULL ENABLE);
  ALTER TABLE "CATJI"."VIDEO" MODIFY ("FAVORITE_NUM" NOT NULL ENABLE);
  ALTER TABLE "CATJI"."VIDEO" MODIFY ("WATCH_NUM" NOT NULL ENABLE);
  ALTER TABLE "CATJI"."VIDEO" MODIFY ("COMMENT_NUM" NOT NULL ENABLE);
  ALTER TABLE "CATJI"."VIDEO" ADD CONSTRAINT "VIDEO_PK" PRIMARY KEY ("VID")
  USING INDEX "CATJI"."VIDEO_PK"  ENABLE;
  ALTER TABLE "CATJI"."VIDEO" ADD CONSTRAINT "VIDEO__UN_PATH" UNIQUE ("PATH")
  USING INDEX "CATJI"."VIDEO__UN_PATH"  ENABLE;
--------------------------------------------------------
--  Ref Constraints for Table BLOCK
--------------------------------------------------------

  ALTER TABLE "CATJI"."BLOCK" ADD CONSTRAINT "BLOCK_USER_FK" FOREIGN KEY ("USID")
	  REFERENCES "CATJI"."USERS" ("USID") ENABLE;
  ALTER TABLE "CATJI"."BLOCK" ADD CONSTRAINT "BLOCK_USER_FKV2" FOREIGN KEY ("BLOCK_USID")
	  REFERENCES "CATJI"."USERS" ("USID") ENABLE;
--------------------------------------------------------
--  Ref Constraints for Table BLOG
--------------------------------------------------------

  ALTER TABLE "CATJI"."BLOG" ADD CONSTRAINT "BLOG_USER_FK" FOREIGN KEY ("USID")
	  REFERENCES "CATJI"."USERS" ("USID") ENABLE;
--------------------------------------------------------
--  Ref Constraints for Table BLOGCOMMENT
--------------------------------------------------------

  ALTER TABLE "CATJI"."BLOGCOMMENT" ADD CONSTRAINT "BLOGCOMMENT_USER_FK" FOREIGN KEY ("USID")
	  REFERENCES "CATJI"."USERS" ("USID") ENABLE;
  ALTER TABLE "CATJI"."BLOGCOMMENT" ADD CONSTRAINT "BLOGCOMMENT_BLOG_FK" FOREIGN KEY ("BID")
	  REFERENCES "CATJI"."BLOG" ("BID") ENABLE;
  ALTER TABLE "CATJI"."BLOGCOMMENT" ADD CONSTRAINT "BLOGCOMMENT_BLOGCOMMENT_FK" FOREIGN KEY ("REPLY_BCID")
	  REFERENCES "CATJI"."BLOGCOMMENT" ("BCID") ENABLE;
  ALTER TABLE "CATJI"."BLOGCOMMENT" ADD CONSTRAINT "BLOGCOMMENT_BLOGCOMMENT_BCID_FK" FOREIGN KEY ("PARENT_BCID")
	  REFERENCES "CATJI"."BLOGCOMMENT" ("BCID") ON DELETE CASCADE ENABLE;
--------------------------------------------------------
--  Ref Constraints for Table BLOGIMAGE
--------------------------------------------------------

  ALTER TABLE "CATJI"."BLOGIMAGE" ADD CONSTRAINT "BLOGIMAGE_BLOG_BID_FK" FOREIGN KEY ("BID")
	  REFERENCES "CATJI"."BLOG" ("BID") ENABLE;
--------------------------------------------------------
--  Ref Constraints for Table CAT
--------------------------------------------------------

  ALTER TABLE "CATJI"."CAT" ADD CONSTRAINT "CAT_USERS_USID_FK" FOREIGN KEY ("USID")
	  REFERENCES "CATJI"."USERS" ("USID") ENABLE;
--------------------------------------------------------
--  Ref Constraints for Table FAVORITE
--------------------------------------------------------

  ALTER TABLE "CATJI"."FAVORITE" ADD CONSTRAINT "FAVORITE_USER_FK" FOREIGN KEY ("USID")
	  REFERENCES "CATJI"."USERS" ("USID") ENABLE;
  ALTER TABLE "CATJI"."FAVORITE" ADD CONSTRAINT "FAVORITE_VIDEO_FK" FOREIGN KEY ("VID")
	  REFERENCES "CATJI"."VIDEO" ("VID") ENABLE;
--------------------------------------------------------
--  Ref Constraints for Table FOLLOW
--------------------------------------------------------

  ALTER TABLE "CATJI"."FOLLOW" ADD CONSTRAINT "FOLLOW_USER_USID" FOREIGN KEY ("USID")
	  REFERENCES "CATJI"."USERS" ("USID") ENABLE;
  ALTER TABLE "CATJI"."FOLLOW" ADD CONSTRAINT "FOLLOW_USER_FUSID" FOREIGN KEY ("FOLLOW_USID")
	  REFERENCES "CATJI"."USERS" ("USID") ENABLE;
--------------------------------------------------------
--  Ref Constraints for Table LIKEBLOG
--------------------------------------------------------

  ALTER TABLE "CATJI"."LIKEBLOG" ADD CONSTRAINT "LIKEBLOG_USER_FK" FOREIGN KEY ("USID")
	  REFERENCES "CATJI"."USERS" ("USID") ENABLE;
  ALTER TABLE "CATJI"."LIKEBLOG" ADD CONSTRAINT "LIKEBLOG_BLOG_FK" FOREIGN KEY ("BID")
	  REFERENCES "CATJI"."BLOG" ("BID") ENABLE;
--------------------------------------------------------
--  Ref Constraints for Table LIKEBLOGCOMMENT
--------------------------------------------------------

  ALTER TABLE "CATJI"."LIKEBLOGCOMMENT" ADD CONSTRAINT "LIKEBLOGCOMMENT_USER_FK" FOREIGN KEY ("USID")
	  REFERENCES "CATJI"."USERS" ("USID") ENABLE;
  ALTER TABLE "CATJI"."LIKEBLOGCOMMENT" ADD CONSTRAINT "LIKEBLOGCOMMENT_FK" FOREIGN KEY ("BCID")
	  REFERENCES "CATJI"."BLOGCOMMENT" ("BCID") ENABLE;
--------------------------------------------------------
--  Ref Constraints for Table LIKEVIDEO
--------------------------------------------------------

  ALTER TABLE "CATJI"."LIKEVIDEO" ADD CONSTRAINT "LIKEVIDEO_USER_FK" FOREIGN KEY ("USID")
	  REFERENCES "CATJI"."USERS" ("USID") ENABLE;
  ALTER TABLE "CATJI"."LIKEVIDEO" ADD CONSTRAINT "LIKEVIDEO_VIDEO_FK" FOREIGN KEY ("VID")
	  REFERENCES "CATJI"."VIDEO" ("VID") ENABLE;
--------------------------------------------------------
--  Ref Constraints for Table LIKEVIDEOCOMMENT
--------------------------------------------------------

  ALTER TABLE "CATJI"."LIKEVIDEOCOMMENT" ADD CONSTRAINT "LIKEVIDEOCOMMENT_USER_FK" FOREIGN KEY ("USID")
	  REFERENCES "CATJI"."USERS" ("USID") ENABLE;
  ALTER TABLE "CATJI"."LIKEVIDEOCOMMENT" ADD CONSTRAINT "LIKEVIDEOCOMMENT_FK" FOREIGN KEY ("VCID")
	  REFERENCES "CATJI"."VIDEOCOMMENT" ("VCID") ENABLE;
--------------------------------------------------------
--  Ref Constraints for Table MESSAGE
--------------------------------------------------------

  ALTER TABLE "CATJI"."MESSAGE" ADD CONSTRAINT "MESSAGE_USER_FK" FOREIGN KEY ("USID")
	  REFERENCES "CATJI"."USERS" ("USID") ENABLE;
  ALTER TABLE "CATJI"."MESSAGE" ADD CONSTRAINT "MESSAGE_USER_FKV2" FOREIGN KEY ("TO_USID")
	  REFERENCES "CATJI"."USERS" ("USID") ENABLE;
--------------------------------------------------------
--  Ref Constraints for Table REPORTBLOG
--------------------------------------------------------

  ALTER TABLE "CATJI"."REPORTBLOG" ADD CONSTRAINT "REPORTBLOG_USER_FK" FOREIGN KEY ("USID")
	  REFERENCES "CATJI"."USERS" ("USID") ENABLE;
  ALTER TABLE "CATJI"."REPORTBLOG" ADD CONSTRAINT "REPORTBLOG_BLOG_FK" FOREIGN KEY ("BID")
	  REFERENCES "CATJI"."BLOG" ("BID") ENABLE;
  ALTER TABLE "CATJI"."REPORTBLOG" ADD CONSTRAINT "REPORTBLOG_ADMIN_FK" FOREIGN KEY ("ADMIN")
	  REFERENCES "CATJI"."ADMIN" ("ADMIN_ID") ENABLE;
--------------------------------------------------------
--  Ref Constraints for Table REPORTVIDEO
--------------------------------------------------------

  ALTER TABLE "CATJI"."REPORTVIDEO" ADD CONSTRAINT "REPORTVIDEO_USER_FK" FOREIGN KEY ("USID")
	  REFERENCES "CATJI"."USERS" ("USID") ENABLE;
  ALTER TABLE "CATJI"."REPORTVIDEO" ADD CONSTRAINT "REPORTVIDEO_VIDEO_FK" FOREIGN KEY ("VID")
	  REFERENCES "CATJI"."VIDEO" ("VID") ENABLE;
  ALTER TABLE "CATJI"."REPORTVIDEO" ADD CONSTRAINT "REPORTVIDEO_ADMIN_FK" FOREIGN KEY ("ADMIN")
	  REFERENCES "CATJI"."ADMIN" ("ADMIN_ID") ENABLE;
--------------------------------------------------------
--  Ref Constraints for Table SEARCHHISTORY
--------------------------------------------------------

  ALTER TABLE "CATJI"."SEARCHHISTORY" ADD CONSTRAINT "SEARCHHISTORY_USERS_FK" FOREIGN KEY ("USID")
	  REFERENCES "CATJI"."USERS" ("USID") ENABLE;
--------------------------------------------------------
--  Ref Constraints for Table TAG
--------------------------------------------------------

  ALTER TABLE "CATJI"."TAG" ADD CONSTRAINT "TAG_CAT_CAT_ID_FK" FOREIGN KEY ("CAT_ID")
	  REFERENCES "CATJI"."CAT" ("CAT_ID") ENABLE;
--------------------------------------------------------
--  Ref Constraints for Table USERS
--------------------------------------------------------

  ALTER TABLE "CATJI"."USERS" ADD CONSTRAINT "USERS_CAT_CAT_ID_FK" FOREIGN KEY ("CAT_ID")
	  REFERENCES "CATJI"."CAT" ("CAT_ID") ENABLE;
--------------------------------------------------------
--  Ref Constraints for Table VIDEO
--------------------------------------------------------

  ALTER TABLE "CATJI"."VIDEO" ADD CONSTRAINT "VIDEO_USERS_FK" FOREIGN KEY ("USID")
	  REFERENCES "CATJI"."USERS" ("USID") ENABLE;
--------------------------------------------------------
--  Ref Constraints for Table VIDEOCOMMENT
--------------------------------------------------------

  ALTER TABLE "CATJI"."VIDEOCOMMENT" ADD CONSTRAINT "VIDEOCOMMENT_USER_FK" FOREIGN KEY ("USID")
	  REFERENCES "CATJI"."USERS" ("USID") ENABLE;
  ALTER TABLE "CATJI"."VIDEOCOMMENT" ADD CONSTRAINT "VIDEOCOMMENT_VIDEO_FK" FOREIGN KEY ("VID")
	  REFERENCES "CATJI"."VIDEO" ("VID") ENABLE;
  ALTER TABLE "CATJI"."VIDEOCOMMENT" ADD CONSTRAINT "VIDEOCOMMENT_VIDEOCOMMENT_FK" FOREIGN KEY ("REPLY_VCID")
	  REFERENCES "CATJI"."VIDEOCOMMENT" ("VCID") ENABLE;
  ALTER TABLE "CATJI"."VIDEOCOMMENT" ADD CONSTRAINT "VIDEOCOMMENT_VIDEOCOMMENT_VCID_FK" FOREIGN KEY ("PARENT_VCID")
	  REFERENCES "CATJI"."VIDEOCOMMENT" ("VCID") ENABLE;
--------------------------------------------------------
--  Ref Constraints for Table VIDEOTAG
--------------------------------------------------------

  ALTER TABLE "CATJI"."VIDEOTAG" ADD CONSTRAINT "VIDEOTAG_VIDEO_FK" FOREIGN KEY ("VID")
	  REFERENCES "CATJI"."VIDEO" ("VID") ENABLE;
  ALTER TABLE "CATJI"."VIDEOTAG" ADD CONSTRAINT "VIDEOTAG_TAG_FK" FOREIGN KEY ("TAG_ID")
	  REFERENCES "CATJI"."TAG" ("TAG_ID") ENABLE;
--------------------------------------------------------
--  Ref Constraints for Table WATCHHISTORY
--------------------------------------------------------

  ALTER TABLE "CATJI"."WATCHHISTORY" ADD CONSTRAINT "WHISTORY_USER_FK" FOREIGN KEY ("USID")
	  REFERENCES "CATJI"."USERS" ("USID") ENABLE;
  ALTER TABLE "CATJI"."WATCHHISTORY" ADD CONSTRAINT "WHISTORY_VIDEO_FK" FOREIGN KEY ("VID")
	  REFERENCES "CATJI"."VIDEO" ("VID") ENABLE;
